frame,f1,f2,f3,f4,f5,f6
1,0.16,0.1,0.64,0.0,2.98,0.0
2,0.05,0.03,0.28,0.14,2.75,0.18
3,0.0,0.0,0.08,0.26,2.63,0.33
4,0.0,0.0,0.02,0.29,2.67,0.36
5,0.0,0.0,0.02,0.31,2.64,0.4
6,0.01,0.0,0.06,0.33,2.78,0.55
7,0.04,0.0,0.09,0.38,2.85,0.73
8,0.04,0.0,0.12,0.43,2.93,0.9
9,0.05,0.0,0.13,0.41,2.88,0.86
10,0.04,0.0,0.13,0.42,2.86,0.84
11,0.04,0.0,0.1,0.37,2.79,0.75
12,0.02,0.0,0.08,0.29,2.62,0.61
13,0.07,0.0,0.13,0.18,2.51,0.46
14,0.07,0.0,0.12,0.08,2.43,0.35
15,0.07,0.0,0.1,0.03,2.48,0.35
16,0.02,0.03,0.13,0.0,2.64,0.36
17,0.02,0.03,0.26,0.0,2.76,0.36
18,0.04,0.03,0.24,0.13,2.86,0.45
19,0.12,0.0,0.13,0.22,2.97,0.45
20,0.19,0.0,0.0,0.27,3.13,0.44
21,0.19,0.0,0.0,0.24,3.23,0.35
22,0.1,0.0,0.0,0.26,3.13,0.44
23,0.13,0.0,0.0,0.3,3.18,0.46
24,0.12,0.0,0.0,0.38,3.17,0.52
25,0.15,0.0,0.0,0.43,3.2,0.47
26,0.14,0.0,0.01,0.48,3.16,0.56
27,0.22,0.0,0.01,0.5,3.21,0.58
28,0.27,0.0,0.01,0.52,3.24,0.6
29,0.28,0.0,0.04,0.5,3.23,0.54
30,0.22,0.0,0.04,0.44,3.09,0.48
31,0.13,0.0,0.04,0.36,2.95,0.38
32,0.03,0.0,0.0,0.35,2.79,0.37
33,0.02,0.0,0.0,0.38,2.78,0.38
34,0.02,0.0,0.0,0.37,2.75,0.43
35,0.05,0.0,0.0,0.32,2.77,0.42
36,0.03,0.0,0.04,0.29,2.76,0.54
37,0.03,0.0,0.08,0.31,2.78,0.64
38,0.0,0.0,0.14,0.35,2.77,0.78
39,0.0,0.0,0.16,0.38,2.8,0.79
40,0.0,0.0,0.14,0.42,2.86,0.82
41,0.0,0.0,0.14,0.47,2.92,0.85
42,0.06,0.0,0.08,0.45,3.11,0.7
43,0.08,0.0,0.06,0.42,3.25,0.54
44,0.11,0.0,0.0,0.37,3.44,0.37
45,0.08,0.0,0.0,0.36,3.42,0.36
46,0.07,0.0,0.0,0.37,3.45,0.37
47,0.08,0.0,0.0,0.37,3.4,0.37
48,0.06,0.0,0.0,0.4,3.15,0.43
49,0.05,0.0,0.01,0.43,2.92,0.46
50,0.0,0.0,0.01,0.47,2.71,0.51
51,0.0,0.0,0.05,0.48,2.73,0.56
52,0.0,0.0,0.05,0.5,2.74,0.64
53,0.0,0.0,0.08,0.51,2.75,0.69
54,0.0,0.0,0.04,0.52,2.78,0.64
55,0.0,0.0,0.04,0.51,2.82,0.57
56,0.0,0.0,0.01,0.41,2.83,0.43
57,0.0,0.0,0.01,0.28,2.83,0.3
58,0.0,0.0,0.0,0.16,2.81,0.18
59,0.0,0.0,0.0,0.16,2.84,0.16
60,0.0,0.0,0.06,0.32,2.97,0.39
61,0.0,0.0,0.09,0.43,3.15,0.5
62,0.0,0.0,0.14,0.52,3.3,0.59
63,0.03,0.0,0.1,0.47,3.33,0.47
64,0.03,0.0,0.09,0.45,3.32,0.52
65,0.03,0.0,0.09,0.42,3.31,0.57
66,0.03,0.0,0.06,0.37,3.34,0.63
67,0.03,0.05,0.07,0.27,3.28,0.51
68,0.08,0.12,0.07,0.17,3.26,0.4
69,0.14,0.18,0.07,0.11,3.27,0.27
70,0.28,0.21,0.06,0.1,3.44,0.26
71,0.22,0.28,0.02,0.07,3.33,0.21
72,0.17,0.22,0.02,0.03,3.35,0.16
73,0.13,0.14,0.05,0.0,3.4,0.19
74,0.21,0.01,0.11,0.0,3.66,0.24
75,0.21,0.0,0.17,0.0,3.68,0.32
76,0.12,0.0,0.13,0.0,3.48,0.29
77,0.06,0.0,0.08,0.0,3.33,0.27
78,0.12,0.01,0.05,0.08,3.3,0.26
79,0.29,0.01,0.1,0.13,3.46,0.22
80,0.48,0.01,0.17,0.21,3.63,0.23
81,0.53,0.03,0.24,0.19,3.64,0.22
82,0.47,0.03,0.27,0.18,3.55,0.2
83,0.34,0.03,0.31,0.16,3.42,0.17
84,0.27,0.11,0.35,0.22,3.33,0.23
85,0.26,0.14,0.41,0.29,3.28,0.3
86,0.18,0.14,0.41,0.37,3.2,0.44
87,0.14,0.07,0.4,0.38,3.21,0.53
88,0.08,0.07,0.35,0.41,3.22,0.66
89,0.13,0.08,0.32,0.38,3.23,0.64
90,0.23,0.05,0.2,0.28,3.31,0.45
91,0.35,0.04,0.08,0.16,3.41,0.26
92,0.51,0.02,0.0,0.11,3.59,0.18
93,0.55,0.0,0.0,0.13,3.59,0.24
94,0.46,0.0,0.04,0.1,3.53,0.2
95,0.31,0.0,0.06,0.05,3.42,0.1
96,0.16,0.0,0.07,0.07,3.33,0.08
97,0.1,0.07,0.08,0.13,3.29,0.13
98,0.1,0.1,0.07,0.19,3.36,0.19
99,0.11,0.1,0.09,0.17,3.38,0.17
100,0.13,0.04,0.1,0.16,3.41,0.16
101,0.07,0.05,0.1,0.2,3.22,0.2
102,0.09,0.05,0.26,0.14,3.06,0.14
103,0.05,0.07,0.41,0.09,2.86,0.1
104,0.05,0.14,0.59,0.02,2.92,0.03
105,0.01,0.25,0.6,0.04,3.04,0.05
106,0.0,0.3,0.58,0.05,3.04,0.06
107,0.0,0.26,0.59,0.03,2.91,0.05
108,0.0,0.28,0.62,0.05,2.79,0.09
109,0.0,0.2,0.58,0.06,2.72,0.1
110,0.0,0.12,0.52,0.1,2.69,0.12
111,0.04,0.0,0.57,0.13,2.74,0.2
112,0.05,0.0,0.61,0.22,2.77,0.35
113,0.08,0.0,0.69,0.28,2.81,0.48
114,0.07,0.06,0.63,0.36,2.88,0.58
115,0.05,0.1,0.61,0.35,2.96,0.63
116,0.03,0.14,0.56,0.36,3.05,0.67
117,0.07,0.08,0.53,0.42,3.07,0.73
118,0.14,0.04,0.53,0.52,3.11,0.79
119,0.26,0.0,0.52,0.61,3.28,0.9
120,0.4,0.0,0.45,0.61,3.48,0.88
121,0.48,0.0,0.37,0.59,3.6,0.87
122,0.53,0.0,0.31,0.58,3.62,0.85
123,0.41,0.0,0.21,0.67,3.49,0.9
124,0.34,0.0,0.12,0.75,3.45,0.93
125,0.27,0.0,0.02,0.84,3.4,0.92
126,0.17,0.0,0.0,0.71,3.24,0.83
127,0.12,0.0,0.01,0.59,3.13,0.77
128,0.02,0.0,0.02,0.47,2.99,0.71
129,0.02,0.0,0.03,0.55,2.85,0.85
130,0.07,0.0,0.06,0.63,2.81,0.98
131,0.22,0.0,0.06,0.7,2.93,1.09
132,0.23,0.0,0.04,0.61,2.97,0.96
133,0.18,0.0,0.01,0.51,2.93,0.82
134,0.13,0.0,0.0,0.45,2.99,0.65
135,0.21,0.0,0.0,0.47,3.25,0.63
136,0.26,0.0,0.0,0.49,3.54,0.62
137,0.2,0.0,0.0,0.47,3.5,0.63
138,0.15,0.0,0.06,0.4,3.54,0.51
139,0.08,0.0,0.06,0.29,3.36,0.34
140,0.04,0.0,0.08,0.19,3.29,0.19
141,0.0,0.0,0.04,0.13,3.14,0.13
142,0.0,0.0,0.04,0.17,3.18,0.17
143,0.06,0.0,0.01,0.13,3.24,0.13
144,0.06,0.0,0.11,0.1,3.22,0.1
145,0.06,0.0,0.22,0.03,3.18,0.03
146,0.07,0.0,0.31,0.04,3.15,0.04
147,0.16,0.0,0.3,0.03,3.25,0.03
148,0.24,0.0,0.31,0.02,3.32,0.02
149,0.26,0.0,0.26,0.01,3.34,0.01
150,0.2,0.0,0.25,0.1,3.34,0.1
151,0.16,0.11,0.18,0.15,3.36,0.15
152,0.16,0.2,0.18,0.22,3.44,0.22
153,0.24,0.29,0.17,0.2,3.52,0.2
154,0.21,0.34,0.26,0.18,3.57,0.18
155,0.13,0.38,0.32,0.16,3.56,0.16
156,0.06,0.32,0.37,0.16,3.48,0.16
157,0.11,0.19,0.3,0.19,3.43,0.19
158,0.15,0.09,0.25,0.21,3.36,0.21
159,0.11,0.11,0.18,0.18,3.34,0.18
160,0.07,0.1,0.16,0.15,3.36,0.15
161,0.06,0.09,0.12,0.15,3.42,0.15
162,0.05,0.19,0.15,0.14,3.35,0.14
163,0.02,0.25,0.17,0.14,3.2,0.14
164,0.02,0.29,0.22,0.19,3.12,0.19
165,0.02,0.17,0.22,0.25,3.11,0.25
166,0.02,0.09,0.21,0.29,3.12,0.29
167,0.1,0.29,0.12,0.22,3.23,0.22
168,0.1,0.28,0.22,0.12,3.2,0.12
169,0.1,0.32,0.31,0.07,3.19,0.07
170,0.0,0.1,0.44,0.04,3.01,0.04
171,0.13,0.13,0.4,0.09,3.11,0.09
172,0.22,0.09,0.37,0.11,3.12,0.11
173,0.31,0.08,0.35,0.13,3.15,0.13
174,0.2,0.03,0.37,0.16,2.98,0.16
175,0.12,0.03,0.4,0.18,2.88,0.18
176,0.02,0.0,0.42,0.25,2.77,0.25
177,0.02,0.0,0.41,0.29,2.72,0.29
178,0.02,0.0,0.4,0.33,2.66,0.33
179,0.06,0.0,0.34,0.29,2.65,0.29
180,0.05,0.0,0.4,0.24,2.71,0.24
181,0.1,0.0,0.56,0.2,2.89,0.2
182,0.07,0.0,0.64,0.2,3.0,0.2
183,0.07,0.0,0.67,0.2,3.07,0.2
184,0.04,0.0,0.63,0.21,3.0,0.21
185,0.06,0.0,0.67,0.19,2.93,0.19
186,0.06,0.01,0.56,0.16,2.86,0.17
187,0.04,0.01,0.5,0.16,2.76,0.17
188,0.0,0.02,0.41,0.16,2.7,0.18
189,0.0,0.01,0.39,0.14,2.65,0.15
190,0.0,0.01,0.29,0.08,2.62,0.09
191,0.0,0.03,0.25,0.04,2.58,0.04
192,0.0,0.06,0.45,0.02,2.63,0.02
193,0.0,0.07,0.58,0.02,2.62,0.02
194,0.0,0.05,0.65,0.02,2.59,0.02
195,0.01,0.06,0.55,0.03,2.51,0.03
196,0.09,0.04,0.48,0.09,2.63,0.09
197,0.13,0.03,0.42,0.15,2.69,0.15
198,0.19,0.03,0.36,0.27,2.78,0.33
199,0.14,0.07,0.34,0.24,2.76,0.3
200,0.2,0.12,0.33,0.23,2.88,0.29
201,0.16,0.14,0.33,0.18,2.89,0.18
202,0.17,0.14,0.35,0.22,2.89,0.22
203,0.14,0.12,0.37,0.23,2.83,0.23
204,0.17,0.07,0.39,0.23,2.87,0.24
205,0.19,0.03,0.38,0.21,2.92,0.23
206,0.13,0.0,0.34,0.17,2.92,0.19
207,0.06,0.0,0.29,0.13,2.89,0.14
208,0.0,0.0,0.24,0.1,2.85,0.1
209,0.0,0.0,0.28,0.13,2.8,0.13
210,0.0,0.0,0.3,0.2,2.97,0.24
211,0.03,0.0,0.34,0.25,3.13,0.32
212,0.16,0.0,0.32,0.36,3.37,0.41
213,0.29,0.0,0.3,0.44,3.4,0.49
214,0.38,0.01,0.18,0.57,3.5,0.63
215,0.31,0.02,0.08,0.6,3.45,0.69
216,0.18,0.02,0.05,0.56,3.3,0.61
217,0.06,0.01,0.13,0.48,3.11,0.5
218,0.01,0.0,0.19,0.42,3.1,0.42
219,0.01,0.0,0.22,0.41,3.12,0.42
220,0.01,0.0,0.24,0.39,3.11,0.4
221,0.0,0.0,0.27,0.39,2.98,0.46
222,0.0,0.0,0.3,0.38,2.89,0.43
223,0.0,0.0,0.29,0.35,2.81,0.4
224,0.0,0.0,0.25,0.37,2.97,0.35
225,0.0,0.0,0.22,0.45,3.14,0.41
226,0.03,0.0,0.17,0.47,3.35,0.43
227,0.13,0.0,0.15,0.43,3.45,0.4
228,0.13,0.03,0.13,0.36,3.46,0.38
229,0.1,0.07,0.11,0.37,3.36,0.39
230,0.0,0.11,0.08,0.38,3.17,0.4
231,0.03,0.1,0.05,0.4,3.13,0.43
232,0.1,0.07,0.06,0.4,3.17,0.43
233,0.15,0.04,0.08,0.39,3.22,0.45
234,0.17,0.08,0.19,0.3,3.19,0.35
235,0.14,0.08,0.28,0.22,3.07,0.29
236,0.1,0.07,0.39,0.12,2.98,0.21
237,0.06,0.03,0.38,0.2,2.84,0.28
238,0.01,0.06,0.42,0.23,2.69,0.29
239,0.08,0.21,0.34,0.25,2.71,0.27
240,0.08,0.45,0.32,0.13,2.82,0.13
241,0.08,0.67,0.39,0.07,2.96,0.06
242,0.0,0.73,0.5,0.02,2.95,0.0
243,0.0,0.54,0.64,0.02,2.95,0.0
244,0.0,0.38,0.66,0.01,2.89,0.0
245,0.0,0.22,0.65,0.0,2.83,0.0
246,0.01,0.35,0.54,0.01,2.86,0.01
247,0.02,0.41,0.45,0.02,2.89,0.02
248,0.06,0.55,0.39,0.04,2.99,0.04
249,0.1,0.54,0.37,0.06,3.01,0.06
250,0.13,0.6,0.39,0.08,3.02,0.08
251,0.19,0.51,0.52,0.07,3.08,0.07
252,0.22,0.33,0.62,0.15,3.11,0.15
253,0.28,0.1,0.71,0.2,3.17,0.2
254,0.25,0.0,0.58,0.31,3.06,0.31
255,0.28,0.0,0.5,0.3,3.07,0.3
256,0.27,0.0,0.4,0.27,3.06,0.27
257,0.31,0.0,0.4,0.21,3.12,0.21
258,0.19,0.0,0.5,0.15,3.02,0.19
259,0.2,0.0,0.51,0.15,3.01,0.3
260,0.23,0.0,0.54,0.16,3.02,0.4
261,0.32,0.0,0.49,0.18,3.09,0.45
262,0.45,0.0,0.58,0.22,3.3,0.47
263,0.49,0.0,0.62,0.2,3.42,0.41
264,0.64,0.0,0.76,0.22,3.7,0.36
265,0.71,0.0,0.81,0.2,3.79,0.24
266,0.77,0.0,0.97,0.2,3.88,0.18
267,0.7,0.0,0.99,0.17,3.79,0.13
268,0.58,0.0,1.03,0.15,3.64,0.1
269,0.46,0.0,0.99,0.17,3.52,0.12
270,0.27,0.0,1.01,0.17,3.29,0.17
271,0.1,0.0,1.0,0.18,3.13,0.24
272,0.0,0.0,0.98,0.15,3.05,0.27
273,0.0,0.0,0.95,0.15,3.08,0.27
274,0.0,0.0,0.94,0.18,3.15,0.27
275,0.0,0.0,0.94,0.22,3.19,0.29
276,0.14,0.0,0.83,0.25,3.33,0.37
277,0.33,0.0,0.81,0.26,3.51,0.46
278,0.48,0.0,0.75,0.27,3.67,0.56
279,0.43,0.0,0.72,0.27,3.67,0.49
280,0.34,0.0,0.58,0.25,3.55,0.41
281,0.29,0.0,0.49,0.24,3.48,0.34
282,0.28,0.0,0.48,0.23,3.45,0.32
283,0.18,0.0,0.54,0.27,3.36,0.32
284,0.22,0.0,0.53,0.33,3.35,0.31
285,0.28,0.0,0.53,0.36,3.37,0.32
286,0.37,0.0,0.52,0.38,3.41,0.32
287,0.3,0.0,0.53,0.35,3.36,0.31
288,0.16,0.0,0.58,0.31,3.22,0.29
289,0.07,0.0,0.64,0.28,3.18,0.28
290,0.0,0.0,0.72,0.25,3.11,0.25
291,0.0,0.0,0.8,0.24,3.07,0.24
292,0.0,0.0,0.74,0.23,3.0,0.23
293,0.0,0.0,0.71,0.21,2.97,0.21
294,0.19,0.0,0.52,0.14,3.1,0.23
295,0.36,0.0,0.44,0.09,3.31,0.26
296,0.42,0.0,0.36,0.03,3.35,0.27
297,0.26,0.0,0.37,0.04,3.21,0.24
298,0.1,0.0,0.36,0.05,3.01,0.21
299,0.07,0.0,0.4,0.08,2.98,0.29
300,0.12,0.0,0.37,0.18,3.09,0.34
301,0.21,0.0,0.32,0.28,3.21,0.4
302,0.31,0.0,0.22,0.35,3.32,0.37
303,0.4,0.0,0.22,0.35,3.39,0.39
304,0.35,0.0,0.31,0.34,3.41,0.38
305,0.23,0.0,0.4,0.33,3.31,0.35
306,0.24,0.0,0.51,0.31,3.31,0.31
307,0.18,0.0,0.45,0.28,3.17,0.28
308,0.23,0.0,0.42,0.28,3.16,0.26
309,0.1,0.0,0.36,0.31,3.0,0.28
310,0.16,0.0,0.39,0.32,3.03,0.3
311,0.1,0.0,0.42,0.31,2.99,0.33
312,0.19,0.0,0.39,0.27,3.02,0.29
313,0.24,0.0,0.35,0.33,2.98,0.36
314,0.35,0.0,0.27,0.39,2.99,0.43
315,0.3,0.0,0.23,0.46,2.93,0.52
316,0.22,0.0,0.19,0.45,2.86,0.55
317,0.16,0.0,0.17,0.45,2.79,0.57
318,0.09,0.0,0.29,0.46,2.73,0.64
319,0.06,0.0,0.39,0.5,2.74,0.73
320,0.0,0.01,0.44,0.56,2.75,0.84
321,0.01,0.01,0.33,0.6,2.79,0.89
322,0.01,0.02,0.28,0.61,2.83,0.86
323,0.01,0.03,0.25,0.61,2.84,0.81
324,0.0,0.1,0.29,0.43,2.97,0.56
325,0.0,0.17,0.33,0.25,3.12,0.31
326,0.0,0.19,0.35,0.07,3.28,0.07
327,0.0,0.15,0.35,0.06,3.26,0.06
328,0.01,0.09,0.32,0.04,3.22,0.04
329,0.01,0.06,0.37,0.02,3.16,0.02
330,0.01,0.08,0.33,0.12,3.12,0.12
331,0.0,0.08,0.37,0.24,3.04,0.27
332,0.0,0.09,0.45,0.33,3.01,0.36
333,0.0,0.04,0.55,0.31,2.98,0.34
334,0.0,0.01,0.57,0.24,2.96,0.27
335,0.0,0.0,0.54,0.19,2.93,0.23
336,0.0,0.0,0.63,0.19,2.92,0.24
337,0.0,0.02,0.75,0.23,2.99,0.27
338,0.0,0.02,0.74,0.27,3.01,0.32
339,0.0,0.02,0.67,0.3,3.05,0.36
340,0.0,0.0,0.59,0.32,3.01,0.38
341,0.0,0.0,0.54,0.39,2.98,0.44
342,0.0,0.0,0.42,0.37,2.92,0.39
343,0.0,0.0,0.33,0.34,2.85,0.35
344,0.0,0.0,0.27,0.29,2.76,0.29
345,0.0,0.01,0.24,0.3,2.71,0.3
346,0.0,0.02,0.17,0.31,2.69,0.31
347,0.0,0.02,0.13,0.31,2.74,0.31
348,0.0,0.03,0.22,0.23,2.83,0.23
349,0.0,0.02,0.25,0.19,2.87,0.19
350,0.0,0.02,0.27,0.16,2.88,0.16
351,0.19,0.01,0.2,0.18,3.05,0.18
352,0.32,0.01,0.21,0.16,3.21,0.16
353,0.43,0.01,0.2,0.15,3.35,0.15
354,0.45,0.08,0.3,0.15,3.52,0.15
355,0.46,0.12,0.42,0.13,3.67,0.13
356,0.49,0.17,0.56,0.09,3.82,0.09
357,0.41,0.11,0.55,0.1,3.77,0.1
358,0.37,0.08,0.58,0.12,3.71,0.12
359,0.43,0.07,0.53,0.09,3.91,0.09
360,0.43,0.09,0.54,0.11,3.87,0.11
361,0.31,0.11,0.51,0.14,3.74,0.14
362,0.11,0.1,0.54,0.22,3.36,0.22
363,0.02,0.1,0.6,0.26,3.31,0.26
364,0.09,0.07,0.68,0.24,3.38,0.24
365,0.15,0.05,0.78,0.23,3.48,0.23
366,0.16,0.02,0.76,0.19,3.3,0.22
367,0.17,0.01,0.75,0.19,3.11,0.22
368,0.15,0.0,0.75,0.18,2.92,0.21
369,0.19,0.0,0.73,0.18,2.93,0.18
370,0.22,0.0,0.62,0.18,2.95,0.18
371,0.22,0.0,0.63,0.19,2.93,0.19
372,0.2,0.0,0.77,0.21,3.02,0.26
373,0.16,0.0,1.01,0.23,3.1,0.37
374,0.11,0.0,1.0,0.23,3.16,0.41
375,0.09,0.0,0.93,0.27,3.13,0.5
376,0.05,0.0,0.81,0.32,3.09,0.56
377,0.13,0.0,0.76,0.37,3.18,0.64
378,0.26,0.03,0.76,0.36,3.31,0.56
379,0.36,0.09,0.86,0.34,3.44,0.49
380,0.39,0.14,0.97,0.3,3.45,0.43
381,0.29,0.16,1.04,0.26,3.34,0.39
382,0.26,0.18,1.01,0.29,3.22,0.42
383,0.35,0.22,0.97,0.34,3.3,0.45
384,0.53,0.21,0.9,0.4,3.45,0.5
385,0.73,0.19,0.86,0.39,3.64,0.51
386,0.75,0.18,0.84,0.39,3.72,0.46
387,0.75,0.18,0.85,0.37,3.77,0.42
388,0.67,0.17,0.82,0.35,3.77,0.35
389,0.67,0.23,0.75,0.35,3.85,0.37
390,0.49,0.33,0.79,0.3,3.64,0.32
391,0.42,0.32,0.88,0.2,3.54,0.22
392,0.37,0.19,1.01,0.12,3.39,0.12
393,0.45,0.04,1.06,0.09,3.44,0.09
394,0.39,0.01,1.03,0.14,3.49,0.18
395,0.25,0.02,1.01,0.15,3.42,0.24
396,0.38,0.12,0.98,0.18,3.63,0.27
397,0.55,0.18,1.0,0.17,3.72,0.24
398,0.76,0.18,1.03,0.18,3.88,0.21
399,0.71,0.07,1.1,0.18,3.8,0.25
400,0.68,0.01,1.21,0.17,3.79,0.32
401,0.64,0.0,1.29,0.14,3.73,0.35
402,0.57,0.05,1.27,0.2,3.64,0.37
403,0.59,0.09,1.17,0.29,3.64,0.4
404,0.55,0.09,1.08,0.37,3.59,0.45
405,0.54,0.04,1.12,0.35,3.63,0.51
406,0.49,0.02,1.15,0.34,3.61,0.54
407,0.57,0.02,1.22,0.29,3.74,0.54
408,0.52,0.09,1.11,0.18,3.7,0.4
409,0.5,0.11,1.05,0.06,3.64,0.27
410,0.42,0.13,0.93,0.0,3.54,0.22
411,0.54,0.17,0.93,0.0,3.63,0.3
412,0.53,0.26,0.89,0.0,3.63,0.39
413,0.55,0.38,0.86,0.0,3.65,0.41
414,0.49,0.42,0.95,0.0,3.57,0.34
415,0.51,0.46,1.04,0.01,3.58,0.29
416,0.7,0.45,1.06,0.06,3.76,0.25
417,0.93,0.42,1.01,0.07,4.01,0.23
418,1.1,0.4,0.97,0.1,4.21,0.2
419,0.99,0.37,0.91,0.06,4.05,0.2
420,0.95,0.29,1.0,0.06,3.89,0.22
421,0.71,0.16,0.92,0.1,3.49,0.24
422,0.58,0.07,0.97,0.12,3.27,0.17
423,0.35,0.0,0.86,0.16,3.04,0.17
424,0.32,0.0,0.81,0.14,3.09,0.15
425,0.32,0.0,0.72,0.17,3.06,0.18
426,0.35,0.0,0.7,0.23,3.16,0.23
427,0.31,0.0,0.78,0.27,3.17,0.26
428,0.34,0.0,0.84,0.27,3.39,0.26
429,0.26,0.0,0.82,0.23,3.43,0.23
430,0.29,0.0,0.78,0.21,3.53,0.21
431,0.21,0.0,0.76,0.27,3.48,0.27
432,0.23,0.06,0.65,0.25,3.55,0.25
433,0.24,0.1,0.65,0.22,3.58,0.22
434,0.24,0.15,0.64,0.11,3.63,0.11
435,0.26,0.17,0.71,0.07,3.64,0.07
436,0.34,0.16,0.63,0.06,3.73,0.05
437,0.34,0.14,0.56,0.05,3.7,0.03
438,0.4,0.06,0.54,0.14,3.75,0.12
439,0.29,0.03,0.55,0.22,3.7,0.21
440,0.32,0.0,0.6,0.28,3.82,0.28
441,0.26,0.0,0.53,0.28,3.82,0.28
442,0.25,0.0,0.51,0.28,3.81,0.28
443,0.18,0.0,0.46,0.31,3.71,0.31
444,0.2,0.0,0.37,0.35,3.7,0.35
445,0.28,0.0,0.27,0.37,3.8,0.37
446,0.39,0.01,0.16,0.35,3.81,0.35
447,0.51,0.06,0.17,0.28,3.88,0.28
448,0.56,0.06,0.19,0.22,3.81,0.22
449,0.49,0.09,0.24,0.21,3.67,0.22
450,0.32,0.04,0.22,0.19,3.37,0.19
451,0.23,0.03,0.22,0.18,3.19,0.18
452,0.25,0.0,0.22,0.09,3.15,0.08
453,0.3,0.0,0.26,0.06,3.24,0.06
454,0.33,0.0,0.29,0.07,3.3,0.06
455,0.32,0.0,0.31,0.12,3.36,0.1
456,0.35,0.09,0.45,0.19,3.42,0.15
457,0.3,0.16,0.61,0.21,3.38,0.15
458,0.25,0.23,0.77,0.26,3.36,0.18
459,0.19,0.16,0.8,0.27,3.33,0.19
460,0.18,0.13,0.81,0.32,3.36,0.23
461,0.27,0.06,0.76,0.36,3.48,0.25
462,0.36,0.05,0.65,0.35,3.57,0.26
463,0.47,0.04,0.52,0.33,3.7,0.27
464,0.56,0.13,0.35,0.31,3.76,0.29
465,0.63,0.19,0.29,0.29,3.87,0.29
466,0.56,0.17,0.17,0.27,3.81,0.27
467,0.42,0.1,0.14,0.22,3.64,0.22
468,0.3,0.02,0.29,0.24,3.47,0.24
469,0.31,0.01,0.42,0.26,3.42,0.26
470,0.35,0.0,0.58,0.29,3.48,0.29
471,0.28,0.0,0.38,0.3,3.46,0.29
472,0.2,0.0,0.23,0.3,3.39,0.29
473,0.14,0.0,0.11,0.31,3.34,0.3
474,0.35,0.05,0.2,0.35,3.5,0.33
475,0.51,0.07,0.27,0.36,3.63,0.33
476,0.7,0.09,0.3,0.37,3.77,0.33
477,0.64,0.15,0.26,0.33,3.64,0.31
478,0.67,0.2,0.2,0.28,3.71,0.27
479,0.67,0.23,0.15,0.23,3.69,0.22
480,0.56,0.13,0.27,0.22,3.65,0.21
481,0.33,0.1,0.39,0.21,3.33,0.19
482,0.09,0.08,0.53,0.18,3.03,0.15
483,0.06,0.09,0.53,0.15,3.01,0.12
484,0.12,0.05,0.52,0.14,3.08,0.12
485,0.18,0.03,0.54,0.13,3.18,0.13
486,0.18,0.05,0.52,0.13,3.16,0.17
487,0.16,0.06,0.52,0.13,3.14,0.2
488,0.17,0.07,0.5,0.16,3.1,0.27
489,0.11,0.09,0.68,0.19,3.06,0.23
490,0.07,0.14,0.8,0.21,3.07,0.21
491,0.0,0.18,1.01,0.28,3.09,0.23
492,0.0,0.12,0.97,0.23,3.05,0.18
493,0.05,0.06,0.98,0.17,3.03,0.12
494,0.13,0.01,0.86,0.1,3.06,0.04
495,0.2,0.0,0.79,0.12,3.15,0.06
496,0.25,0.0,0.71,0.12,3.18,0.05
497,0.34,0.08,0.72,0.11,3.24,0.03
498,0.45,0.08,0.87,0.1,3.27,0.0
499,0.4,0.08,1.01,0.12,3.22,0.0
500,0.32,0.0,1.09,0.13,3.13,0.0
501,0.25,0.0,1.04,0.12,3.09,0.0
502,0.39,0.0,1.09,0.14,3.26,0.0
503,0.45,0.0,1.11,0.18,3.32,0.0
504,0.44,0.0,1.15,0.21,3.45,0.01
505,0.32,0.0,1.14,0.21,3.43,0.02
506,0.33,0.01,1.14,0.27,3.59,0.1
507,0.4,0.01,1.06,0.32,3.65,0.16
508,0.49,0.01,0.99,0.35,3.77,0.21
509,0.47,0.0,0.97,0.33,3.76,0.18
510,0.5,0.0,0.91,0.43,3.85,0.26
511,0.45,0.02,0.83,0.52,3.73,0.33
512,0.43,0.03,0.72,0.65,3.61,0.44
513,0.35,0.06,0.67,0.66,3.44,0.43
514,0.29,0.06,0.65,0.7,3.31,0.45
515,0.25,0.05,0.6,0.73,3.18,0.46
516,0.34,0.01,0.58,0.61,3.12,0.37
517,0.41,0.0,0.57,0.47,3.08,0.26
518,0.49,0.0,0.6,0.3,3.12,0.14
519,0.41,0.0,0.59,0.32,3.06,0.15
520,0.36,0.0,0.59,0.35,3.08,0.17
521,0.31,0.0,0.58,0.39,3.08,0.2
522,0.22,0.03,0.7,0.31,3.07,0.19
523,0.18,0.12,0.84,0.25,3.09,0.17
524,0.06,0.3,0.89,0.19,3.13,0.17
525,0.04,0.45,0.8,0.23,3.16,0.21
526,0.0,0.55,0.7,0.25,3.17,0.25
527,0.02,0.55,0.71,0.24,3.18,0.24
528,0.02,0.45,0.72,0.15,3.24,0.15
529,0.02,0.36,0.7,0.06,3.29,0.11
530,0.0,0.26,0.66,0.0,3.3,0.08
531,0.0,0.31,0.68,0.11,3.3,0.16
532,0.02,0.28,0.69,0.19,3.29,0.22
533,0.05,0.22,0.68,0.26,3.27,0.27
534,0.05,0.26,0.64,0.22,3.27,0.26
535,0.03,0.38,0.6,0.2,3.26,0.22
536,0.02,0.45,0.56,0.23,3.18,0.23
537,0.09,0.42,0.51,0.28,3.16,0.28
538,0.14,0.39,0.48,0.33,3.14,0.33
539,0.12,0.31,0.48,0.34,3.11,0.34
540,0.05,0.18,0.59,0.26,2.92,0.26
541,0.03,0.04,0.69,0.2,2.87,0.2
542,0.03,0.1,0.76,0.14,2.87,0.14
543,0.03,0.13,0.72,0.17,2.97,0.17
544,0.11,0.16,0.71,0.19,3.07,0.19
545,0.22,0.2,0.74,0.21,3.17,0.21
546,0.29,0.16,0.67,0.25,3.13,0.25
547,0.41,0.3,0.55,0.25,3.09,0.25
548,0.53,0.33,0.45,0.26,3.05,0.26
549,0.69,0.37,0.47,0.2,3.27,0.2
550,0.66,0.35,0.53,0.15,3.35,0.15
551,0.61,0.27,0.57,0.08,3.4,0.08
552,0.42,0.23,0.77,0.06,3.15,0.04
553,0.21,0.16,0.87,0.05,2.88,0.0
554,0.04,0.15,0.97,0.07,2.65,0.0
555,0.0,0.17,0.91,0.07,2.61,0.0
556,0.0,0.19,0.94,0.07,2.63,0.0
557,0.0,0.23,0.97,0.07,2.71,0.0
558,0.0,0.18,0.82,0.04,2.74,0.0
559,0.0,0.12,0.6,0.02,2.79,0.0
560,0.0,0.03,0.4,0.0,2.77,0.0
561,0.0,0.04,0.46,0.0,2.82,0.0
562,0.0,0.02,0.54,0.01,2.86,0.01
563,0.0,0.02,0.56,0.02,2.9,0.02
564,0.0,0.02,0.48,0.02,2.95,0.02
565,0.0,0.02,0.41,0.02,2.94,0.02
566,0.1,0.02,0.41,0.03,3.01,0.03
567,0.24,0.07,0.42,0.06,3.07,0.06
568,0.38,0.13,0.43,0.08,3.18,0.08
569,0.46,0.11,0.42,0.08,3.2,0.08
570,0.32,0.16,0.44,0.05,3.07,0.05
571,0.18,0.25,0.44,0.02,2.92,0.02
572,0.02,0.42,0.51,0.0,2.91,0.0
573,0.1,0.47,0.56,0.0,3.01,0.0
574,0.22,0.4,0.58,0.0,3.1,0.0
575,0.29,0.4,0.59,0.01,3.11,0.0
576,0.21,0.38,0.74,0.02,3.08,0.0
577,0.1,0.44,0.91,0.01,3.04,0.0
578,0.0,0.4,1.09,0.0,2.95,0.0
579,0.0,0.37,1.06,0.01,2.89,0.01
580,0.0,0.35,1.04,0.02,2.87,0.02
581,0.03,0.35,0.97,0.05,2.92,0.05
582,0.09,0.61,0.77,0.11,3.02,0.11
583,0.16,0.84,0.54,0.15,3.13,0.15
584,0.23,1.01,0.4,0.17,3.3,0.17
585,0.3,0.93,0.47,0.13,3.41,0.13
586,0.43,0.94,0.54,0.14,3.65,0.14
587,0.44,1.0,0.6,0.15,3.68,0.17
588,0.41,0.81,0.51,0.14,3.56,0.16
589,0.2,0.49,0.45,0.08,3.2,0.1
590,0.1,0.18,0.4,0.02,2.99,0.02
591,0.11,0.09,0.52,0.02,3.04,0.02
592,0.2,0.06,0.61,0.02,3.19,0.02
593,0.26,0.03,0.67,0.02,3.31,0.02
594,0.16,0.13,0.57,0.07,3.18,0.08
595,0.07,0.22,0.45,0.13,3.06,0.15
596,0.0,0.28,0.31,0.18,2.97,0.22
597,0.0,0.26,0.31,0.2,2.93,0.23
598,0.0,0.23,0.33,0.22,2.9,0.25
599,0.0,0.24,0.35,0.26,2.87,0.31
600,0.0,0.49,0.31,0.29,2.81,0.33
601,0.0,0.68,0.29,0.32,2.75,0.36
602,0.0,0.8,0.31,0.29,2.66,0.29
603,0.0,0.65,0.38,0.29,2.68,0.29
604,0.01,0.5,0.43,0.32,2.7,0.35
605,0.01,0.4,0.5,0.38,2.7,0.43
606,0.01,0.32,0.61,0.34,2.72,0.39
607,0.0,0.3,0.76,0.28,2.74,0.3
608,0.0,0.28,0.81,0.23,2.83,0.23
609,0.0,0.3,0.85,0.22,2.8,0.22
610,0.0,0.31,0.82,0.19,2.76,0.19
611,0.07,0.42,0.79,0.16,2.85,0.16
612,0.07,0.43,0.58,0.09,2.89,0.09
613,0.07,0.46,0.38,0.04,2.93,0.04
614,0.0,0.4,0.26,0.0,2.83,0.0
615,0.0,0.43,0.31,0.0,2.86,0.0
616,0.0,0.46,0.28,0.0,2.89,0.0
617,0.0,0.52,0.24,0.0,2.9,0.0
618,0.0,0.39,0.19,0.0,2.94,0.0
619,0.0,0.33,0.2,0.0,3.04,0.0
620,0.0,0.25,0.21,0.0,3.1,0.0
621,0.0,0.37,0.19,0.0,3.11,0.0
622,0.02,0.44,0.18,0.0,3.08,0.0
623,0.02,0.42,0.28,0.0,2.99,0.0
624,0.02,0.35,0.39,0.0,2.97,0.0
625,0.03,0.22,0.46,0.0,2.96,0.0
626,0.16,0.29,0.41,0.0,3.13,0.0
627,0.22,0.4,0.39,0.0,3.16,0.0
628,0.29,0.57,0.41,0.0,3.21,0.0
629,0.26,0.51,0.42,0.0,3.25,0.0
630,0.25,0.71,0.35,0.03,3.33,0.03
631,0.29,0.84,0.29,0.06,3.48,0.08
632,0.26,1.12,0.23,0.08,3.43,0.15
633,0.26,1.2,0.23,0.06,3.41,0.17
634,0.19,1.23,0.27,0.06,3.23,0.2
635,0.19,1.24,0.31,0.06,3.17,0.18
636,0.27,1.03,0.42,0.09,3.15,0.17
637,0.33,0.88,0.52,0.1,3.17,0.13
638,0.4,0.7,0.61,0.11,3.16,0.11
639,0.49,0.68,0.63,0.15,3.27,0.15
640,0.59,0.63,0.65,0.17,3.41,0.17
641,0.64,0.59,0.68,0.19,3.52,0.19
642,0.45,0.43,0.64,0.25,3.45,0.25
643,0.22,0.25,0.6,0.31,3.36,0.31
644,0.03,0.22,0.61,0.37,3.24,0.37
645,0.02,0.37,0.71,0.36,3.15,0.36
646,0.03,0.49,0.79,0.36,3.05,0.36
647,0.03,0.47,0.72,0.38,2.98,0.38
648,0.13,0.5,0.63,0.31,3.05,0.31
649,0.21,0.58,0.57,0.23,3.1,0.23
650,0.32,0.62,0.59,0.14,3.24,0.14
651,0.37,0.64,0.57,0.15,3.34,0.15
652,0.48,0.72,0.59,0.17,3.5,0.17
653,0.61,0.75,0.59,0.19,3.68,0.19
654,0.45,0.82,0.56,0.14,3.53,0.24
655,0.24,0.85,0.49,0.07,3.33,0.26
656,0.0,0.93,0.46,0.0,3.08,0.29
657,0.0,0.96,0.48,0.0,3.06,0.29
658,0.0,0.97,0.47,0.0,3.05,0.29
659,0.03,0.79,0.48,0.0,3.05,0.25
660,0.06,0.52,0.52,0.02,3.03,0.19
661,0.1,0.22,0.52,0.02,3.0,0.1
662,0.17,0.15,0.55,0.03,3.07,0.05
663,0.22,0.14,0.51,0.02,3.11,0.03
664,0.28,0.18,0.41,0.05,3.15,0.06
665,0.26,0.17,0.28,0.05,3.07,0.06
666,0.28,0.13,0.28,0.07,3.09,0.04
667,0.32,0.04,0.4,0.1,3.2,0.01
668,0.33,0.01,0.56,0.14,3.25,0.0
669,0.26,0.01,0.6,0.16,3.13,0.01
670,0.17,0.01,0.66,0.19,2.97,0.06
671,0.15,0.0,0.66,0.25,2.85,0.12
672,0.12,0.0,0.7,0.27,2.67,0.12
673,0.08,0.0,0.7,0.3,2.52,0.11
674,0.0,0.0,0.74,0.27,2.46,0.08
675,0.0,0.0,0.77,0.29,2.56,0.11
676,0.0,0.0,0.82,0.26,2.6,0.12
677,0.0,0.0,0.86,0.25,2.57,0.12
678,0.0,0.0,0.91,0.16,2.62,0.08
679,0.11,0.0,0.93,0.09,2.71,0.05
680,0.25,0.0,0.98,0.02,2.87,0.02
681,0.4,0.01,1.01,0.06,2.95,0.06
682,0.49,0.01,0.99,0.09,3.03,0.09
683,0.55,0.01,0.95,0.12,3.07,0.12
684,0.4,0.0,0.89,0.08,2.95,0.08
685,0.2,0.0,0.89,0.04,2.76,0.04
686,0.01,0.0,0.98,0.02,2.57,0.0
687,0.01,0.0,1.12,0.04,2.5,0.0
688,0.04,0.0,1.26,0.07,2.52,0.0
689,0.08,0.0,1.14,0.05,2.52,0.0
690,0.2,0.0,0.99,0.04,2.75,0.01
691,0.25,0.0,0.76,0.02,2.97,0.02
692,0.46,0.0,0.67,0.05,3.47,0.05
693,0.65,0.0,0.59,0.07,3.88,0.07
694,0.78,0.0,0.54,0.06,4.15,0.06
695,0.79,0.0,0.5,0.03,4.19,0.03
696,0.58,0.0,0.47,0.01,3.87,0.01
697,0.45,0.0,0.56,0.03,3.68,0.03
698,0.34,0.0,0.72,0.1,3.44,0.1
699,0.32,0.0,0.84,0.18,3.37,0.16
700,0.27,0.0,0.87,0.26,3.24,0.22
701,0.17,0.0,0.88,0.28,3.14,0.2
702,0.35,0.0,0.82,0.26,3.43,0.2
703,0.56,0.0,0.83,0.23,3.8,0.19
704,0.71,0.0,0.84,0.17,4.01,0.17
705,0.65,0.0,0.85,0.12,3.98,0.12
706,0.57,0.0,0.83,0.08,3.8,0.08
707,0.55,0.0,0.82,0.07,3.73,0.07
708,0.35,0.0,0.76,0.05,3.39,0.05
709,0.18,0.0,0.72,0.04,3.19,0.04
710,0.01,0.0,0.69,0.01,3.0,0.01
711,0.17,0.0,0.62,0.01,3.3,0.01
712,0.28,0.0,0.53,0.0,3.52,0.0
713,0.37,0.0,0.45,0.0,3.72,0.0
714,0.35,0.02,0.45,0.0,3.64,0.0
715,0.24,0.06,0.44,0.01,3.45,0.01
716,0.14,0.12,0.43,0.02,3.24,0.02
717,0.06,0.1,0.36,0.02,3.19,0.02
718,0.09,0.07,0.28,0.04,3.21,0.04
719,0.16,0.1,0.28,0.07,3.36,0.07
720,0.22,0.1,0.48,0.08,3.41,0.08
721,0.19,0.1,0.58,0.05,3.42,0.05
722,0.13,0.05,0.59,0.02,3.36,0.02
723,0.01,0.06,0.57,0.0,3.19,0.01
724,0.01,0.06,0.67,0.0,3.16,0.01
725,0.0,0.0,0.79,0.0,3.05,0.02
726,0.13,0.0,0.74,0.02,3.12,0.06
727,0.26,0.0,0.64,0.04,3.19,0.06
728,0.39,0.0,0.55,0.05,3.31,0.07
729,0.29,0.0,0.55,0.04,3.2,0.06
730,0.15,0.0,0.54,0.01,3.01,0.1
731,0.2,0.0,0.59,0.0,3.07,0.2
732,0.34,0.0,0.69,0.02,3.11,0.21
733,0.49,0.0,0.82,0.02,3.27,0.17
734,0.35,0.01,0.9,0.05,3.04,0.16
735,0.19,0.04,0.89,0.05,2.94,0.19
736,0.09,0.08,0.9,0.04,2.92,0.27
737,0.1,0.07,0.95,0.02,3.02,0.27
738,0.09,0.06,0.93,0.02,3.09,0.22
739,0.05,0.05,0.81,0.02,3.06,0.23
740,0.01,0.12,0.63,0.02,3.07,0.21
741,0.02,0.14,0.51,0.0,3.14,0.25
742,0.01,0.19,0.42,0.0,3.11,0.16
743,0.01,0.32,0.42,0.0,3.16,0.19
744,0.0,0.38,0.42,0.08,3.11,0.29
745,0.0,0.42,0.46,0.15,3.14,0.43
746,0.0,0.34,0.43,0.22,3.07,0.5
747,0.0,0.35,0.44,0.21,3.06,0.54
748,0.0,0.35,0.45,0.21,3.07,0.55
749,0.0,0.34,0.43,0.22,3.02,0.54
750,0.0,0.33,0.57,0.23,2.97,0.49
751,0.0,0.34,0.63,0.25,2.88,0.47
752,0.0,0.3,0.7,0.22,2.86,0.47
753,0.0,0.27,0.62,0.2,2.88,0.48
754,0.0,0.2,0.56,0.18,2.88,0.48
755,0.0,0.18,0.53,0.19,2.86,0.47
756,0.0,0.24,0.48,0.22,2.76,0.39
757,0.0,0.31,0.44,0.24,2.66,0.32
758,0.0,0.39,0.41,0.25,2.57,0.22
759,0.0,0.38,0.44,0.24,2.57,0.22
760,0.0,0.37,0.51,0.21,2.58,0.21
761,0.0,0.38,0.55,0.19,2.57,0.2
762,0.0,0.31,0.66,0.23,2.63,0.26
763,0.0,0.22,0.74,0.32,2.69,0.33
764,0.0,0.14,0.83,0.38,2.72,0.39
765,0.0,0.2,0.82,0.33,2.66,0.34
766,0.0,0.34,0.82,0.27,2.61,0.3
767,0.0,0.29,0.8,0.23,2.61,0.27
768,0.0,0.3,0.71,0.18,2.71,0.16
769,0.0,0.27,0.69,0.15,2.81,0.08
770,0.0,0.4,0.68,0.14,2.92,0.0
771,0.0,0.37,0.71,0.17,2.87,0.02
772,0.0,0.38,0.67,0.19,2.84,0.04
773,0.0,0.35,0.67,0.19,2.78,0.04
774,0.0,0.26,0.56,0.18,2.71,0.05
775,0.0,0.11,0.46,0.19,2.64,0.08
776,0.0,0.05,0.41,0.2,2.56,0.11
777,0.0,0.06,0.51,0.19,2.55,0.09
778,0.0,0.06,0.57,0.16,2.54,0.05
779,0.0,0.03,0.59,0.18,2.61,0.07
780,0.0,0.03,0.59,0.26,2.63,0.17
781,0.0,0.06,0.54,0.34,2.66,0.27
782,0.0,0.07,0.51,0.37,2.65,0.32
783,0.0,0.1,0.44,0.37,2.69,0.35
784,0.0,0.09,0.45,0.36,2.77,0.31
785,0.0,0.11,0.44,0.35,2.86,0.28
786,0.0,0.07,0.41,0.26,2.88,0.31
787,0.0,0.07,0.44,0.23,2.83,0.44
788,0.0,0.08,0.5,0.14,2.8,0.52
789,0.0,0.39,0.52,0.12,2.8,0.43
790,0.01,0.7,0.48,0.05,2.86,0.27
791,0.02,0.84,0.39,0.07,2.82,0.23
792,0.02,0.71,0.34,0.14,2.74,0.37
793,0.01,0.46,0.28,0.2,2.63,0.49
794,0.0,0.37,0.23,0.22,2.61,0.53
795,0.0,0.28,0.22,0.21,2.62,0.52
796,0.0,0.37,0.23,0.23,2.63,0.5
797,0.0,0.37,0.22,0.27,2.63,0.5
798,0.0,0.37,0.26,0.27,2.63,0.48
799,0.0,0.39,0.31,0.2,2.63,0.34
800,0.0,0.44,0.39,0.11,2.61,0.2
801,0.0,0.43,0.35,0.09,2.63,0.12
802,0.0,0.33,0.27,0.14,2.62,0.18
803,0.0,0.24,0.19,0.19,2.68,0.23
804,0.0,0.22,0.37,0.28,2.69,0.32
805,0.0,0.18,0.57,0.34,2.75,0.33
806,0.0,0.17,0.69,0.41,2.74,0.37
807,0.0,0.17,0.61,0.43,2.71,0.34
808,0.0,0.19,0.55,0.44,2.67,0.34
809,0.0,0.2,0.54,0.47,2.67,0.38
810,0.09,0.28,0.55,0.46,2.85,0.44
811,0.19,0.34,0.5,0.44,3.0,0.5
812,0.25,0.45,0.47,0.41,3.17,0.49
813,0.16,0.54,0.4,0.39,3.12,0.43
814,0.08,0.65,0.39,0.44,3.05,0.45
815,0.03,0.66,0.43,0.5,2.96,0.49
816,0.07,0.66,0.46,0.49,2.91,0.47
817,0.05,0.63,0.48,0.44,2.84,0.42
818,0.13,0.72,0.44,0.37,2.98,0.36
819,0.18,0.79,0.41,0.37,3.13,0.35
820,0.26,0.91,0.38,0.37,3.33,0.34
821,0.17,0.87,0.35,0.32,3.16,0.3
822,0.08,0.75,0.32,0.23,3.02,0.23
823,0.0,0.58,0.28,0.13,2.89,0.14
824,0.01,0.44,0.35,0.07,2.91,0.07
825,0.01,0.39,0.46,0.06,2.93,0.06
826,0.05,0.3,0.62,0.04,3.03,0.04
827,0.06,0.26,0.73,0.03,3.11,0.03
828,0.06,0.2,0.8,0.05,3.14,0.03
829,0.03,0.32,0.82,0.16,3.06,0.11
830,0.0,0.38,0.82,0.28,2.95,0.2
831,0.0,0.42,0.87,0.31,2.98,0.24
832,0.0,0.37,0.95,0.3,3.01,0.25
833,0.0,0.38,1.0,0.27,3.07,0.24
834,0.0,0.39,0.97,0.29,3.0,0.3
835,0.06,0.4,0.93,0.32,2.97,0.3
836,0.1,0.51,0.89,0.33,2.92,0.29
837,0.1,0.67,0.81,0.26,2.93,0.18
838,0.04,0.87,0.63,0.19,2.91,0.13
839,0.0,0.99,0.48,0.15,2.82,0.11
840,0.0,0.9,0.52,0.22,2.78,0.15
841,0.0,0.6,0.72,0.24,2.79,0.18
842,0.0,0.3,0.91,0.27,2.84,0.2
843,0.0,0.21,0.97,0.19,2.89,0.19
844,0.0,0.31,1.01,0.17,2.91,0.18
845,0.0,0.41,1.03,0.14,2.97,0.18
846,0.0,0.3,0.84,0.12,2.95,0.13
847,0.0,0.18,0.67,0.1,2.94,0.13
848,0.0,0.06,0.5,0.05,2.87,0.07
849,0.0,0.16,0.58,0.05,2.92,0.1
850,0.0,0.18,0.61,0.04,2.97,0.09
851,0.0,0.23,0.65,0.11,3.07,0.23
852,0.0,0.13,0.62,0.09,3.06,0.22
853,0.0,0.08,0.61,0.07,3.03,0.21
854,0.07,0.02,0.54,0.07,3.09,0.14
855,0.17,0.05,0.48,0.14,3.19,0.17
856,0.21,0.11,0.33,0.18,3.24,0.18
857,0.24,0.12,0.23,0.13,3.28,0.13
858,0.22,0.28,0.15,0.15,3.29,0.2
859,0.23,0.41,0.19,0.18,3.31,0.29
860,0.17,0.52,0.22,0.25,3.25,0.42
861,0.13,0.5,0.28,0.24,3.21,0.42
862,0.09,0.48,0.26,0.25,3.15,0.37
863,0.07,0.42,0.24,0.28,3.14,0.43
864,0.03,0.44,0.24,0.24,3.09,0.44
865,0.02,0.46,0.23,0.19,3.06,0.47
866,0.0,0.53,0.29,0.15,2.93,0.43
867,0.0,0.55,0.31,0.17,2.86,0.43
868,0.0,0.52,0.4,0.21,2.8,0.48
869,0.0,0.45,0.4,0.22,2.85,0.44
870,0.0,0.26,0.34,0.16,2.9,0.35
871,0.0,0.08,0.35,0.12,2.97,0.27
872,0.0,0.0,0.39,0.07,2.97,0.2
873,0.04,0.0,0.48,0.1,2.99,0.2
874,0.04,0.0,0.48,0.13,3.04,0.23
875,0.05,0.0,0.41,0.18,3.1,0.3
876,0.0,0.04,0.35,0.24,3.02,0.36
877,0.0,0.06,0.32,0.25,2.94,0.32
878,0.0,0.09,0.32,0.26,2.86,0.28
879,0.0,0.07,0.33,0.23,2.83,0.24
880,0.0,0.09,0.35,0.2,2.83,0.26
881,0.0,0.1,0.37,0.15,2.85,0.24
882,0.02,0.2,0.39,0.16,2.94,0.24
883,0.03,0.22,0.46,0.18,2.98,0.21
884,0.03,0.31,0.49,0.26,2.98,0.26
885,0.01,0.31,0.53,0.28,2.9,0.28
886,0.0,0.39,0.51,0.31,2.87,0.31
887,0.0,0.33,0.43,0.27,2.88,0.28
888,0.0,0.28,0.32,0.27,2.94,0.28
889,0.0,0.23,0.21,0.24,2.98,0.27
890,0.0,0.26,0.21,0.24,3.03,0.26
891,0.0,0.28,0.3,0.24,3.02,0.29
892,0.0,0.32,0.35,0.27,3.03,0.33
893,0.0,0.34,0.4,0.3,3.06,0.37
894,0.0,0.28,0.43,0.24,2.97,0.33
895,0.0,0.19,0.48,0.15,2.87,0.25
896,0.0,0.17,0.55,0.05,2.79,0.19
897,0.0,0.25,0.54,0.03,2.84,0.17
898,0.0,0.33,0.53,0.02,2.89,0.16
899,0.06,0.29,0.5,0.08,2.93,0.23
900,0.07,0.25,0.39,0.14,2.87,0.28
901,0.09,0.22,0.25,0.22,2.88,0.29
902,0.08,0.25,0.11,0.24,2.87,0.21
903,0.13,0.27,0.1,0.27,3.0,0.18
904,0.11,0.31,0.12,0.3,2.98,0.2
905,0.06,0.36,0.17,0.32,2.93,0.21
906,0.1,0.33,0.18,0.27,2.92,0.24
907,0.21,0.31,0.22,0.2,3.01,0.28
908,0.32,0.24,0.25,0.16,3.11,0.4
909,0.35,0.29,0.27,0.25,3.21,0.56
910,0.31,0.33,0.28,0.31,3.22,0.67
911,0.3,0.28,0.3,0.3,3.24,0.69
912,0.25,0.28,0.4,0.19,3.23,0.58
913,0.19,0.21,0.49,0.17,3.19,0.57
914,0.08,0.26,0.59,0.17,3.09,0.55
915,0.0,0.24,0.6,0.21,2.98,0.58
916,0.03,0.18,0.6,0.24,2.98,0.65
917,0.05,0.11,0.63,0.27,2.98,0.72
918,0.05,0.13,0.52,0.33,2.96,0.73
919,0.02,0.21,0.41,0.37,2.95,0.68
920,0.0,0.28,0.23,0.41,2.94,0.64
921,0.0,0.32,0.15,0.43,2.94,0.72
922,0.0,0.34,0.12,0.4,2.93,0.74
923,0.0,0.37,0.11,0.39,2.93,0.76
924,0.0,0.32,0.19,0.35,2.93,0.67
925,0.0,0.27,0.26,0.36,2.91,0.61
926,0.0,0.24,0.3,0.35,2.9,0.58
927,0.0,0.25,0.31,0.39,2.89,0.61
928,0.0,0.27,0.31,0.39,2.88,0.66
929,0.0,0.31,0.37,0.34,2.88,0.57
930,0.17,0.38,0.42,0.36,3.06,0.58
931,0.32,0.45,0.47,0.41,3.24,0.58
932,0.45,0.45,0.47,0.48,3.37,0.64
933,0.35,0.43,0.48,0.47,3.29,0.65
934,0.33,0.38,0.5,0.43,3.25,0.65
935,0.29,0.37,0.52,0.43,3.21,0.67
936,0.21,0.45,0.44,0.31,3.16,0.52
937,0.09,0.44,0.38,0.22,3.1,0.46
938,0.0,0.51,0.34,0.14,3.09,0.38
939,0.0,0.52,0.42,0.18,3.15,0.42
940,0.0,0.63,0.49,0.19,3.18,0.38
941,0.0,0.56,0.61,0.18,3.24,0.37
942,0.06,0.32,0.68,0.16,3.35,0.3
943,0.12,0.11,0.74,0.16,3.49,0.24
944,0.17,0.0,0.71,0.15,3.58,0.17
945,0.2,0.02,0.69,0.14,3.64,0.15
946,0.22,0.09,0.68,0.08,3.59,0.1
947,0.24,0.11,0.72,0.04,3.49,0.06
948,0.15,0.12,0.8,0.05,3.2,0.12
949,0.14,0.14,0.74,0.08,3.04,0.14
950,0.13,0.18,0.64,0.1,2.91,0.18
951,0.21,0.18,0.55,0.08,3.05,0.12
952,0.27,0.18,0.61,0.09,3.18,0.13
953,0.33,0.18,0.69,0.1,3.28,0.12
954,0.25,0.16,0.67,0.11,3.23,0.16
955,0.12,0.1,0.6,0.11,3.15,0.17
956,0.0,0.06,0.5,0.12,3.1,0.22
957,0.0,0.03,0.57,0.09,3.05,0.2
958,0.0,0.02,0.68,0.05,2.99,0.18
959,0.0,0.0,0.78,0.04,2.93,0.18
960,0.0,0.0,0.9,0.06,2.93,0.17
961,0.0,0.1,1.06,0.06,2.84,0.22
962,0.0,0.18,1.2,0.02,2.71,0.2
963,0.0,0.18,1.29,0.0,2.61,0.26
964,0.0,0.08,1.31,0.0,2.58,0.22
965,0.0,0.01,1.33,0.0,2.56,0.2
966,0.0,0.02,1.28,0.0,2.59,0.15
967,0.0,0.02,1.23,0.0,2.66,0.14
968,0.0,0.01,1.19,0.0,2.76,0.12
969,0.0,0.0,1.12,0.0,2.77,0.1
970,0.0,0.0,1.09,0.0,2.8,0.06
971,0.0,0.0,1.15,0.0,2.85,0.02
972,0.11,0.06,1.28,0.0,2.97,0.0
973,0.21,0.1,1.41,0.0,3.07,0.0
974,0.28,0.15,1.4,0.0,3.12,0.0
975,0.2,0.14,1.35,0.0,3.05,0.0
976,0.14,0.15,1.31,0.0,3.01,0.0
977,0.07,0.17,1.3,0.0,2.89,0.0
978,0.04,0.14,1.34,0.0,2.74,0.0
979,0.0,0.09,1.38,0.0,2.64,0.01
980,0.0,0.02,1.51,0.0,2.63,0.01
981,0.0,0.01,1.54,0.0,2.69,0.01
982,0.0,0.05,1.5,0.0,2.67,0.0
983,0.0,0.13,1.45,0.0,2.73,0.0
984,0.0,0.34,1.5,0.0,2.81,0.0
985,0.0,0.46,1.57,0.03,2.92,0.03
986,0.0,0.51,1.74,0.03,2.98,0.05
987,0.0,0.4,1.87,0.02,3.01,0.05
988,0.0,0.33,2.01,0.0,2.99,0.05
989,0.0,0.42,2.04,0.01,2.99,0.06
990,0.0,0.31,1.95,0.01,2.94,0.08
991,0.0,0.23,1.84,0.01,2.91,0.1
992,0.0,0.0,1.71,0.0,2.83,0.14
993,0.0,0.0,1.71,0.0,2.81,0.16
994,0.0,0.0,1.74,0.0,2.78,0.13
995,0.0,0.06,1.74,0.0,2.84,0.09
996,0.0,0.1,1.57,0.09,2.78,0.12
997,0.0,0.11,1.41,0.18,2.67,0.2
998,0.0,0.08,1.25,0.26,2.51,0.26
999,0.0,0.09,1.31,0.26,2.53,0.26
1000,0.0,0.15,1.36,0.23,2.6,0.23
1001,0.0,0.19,1.41,0.21,2.66,0.21
1002,0.0,0.14,1.47,0.13,2.58,0.16
1003,0.0,0.07,1.49,0.07,2.47,0.12
1004,0.0,0.0,1.4,0.0,2.31,0.05
1005,0.0,0.0,1.23,0.0,2.21,0.03
1006,0.0,0.0,1.09,0.0,2.13,0.0
1007,0.0,0.0,1.09,0.02,2.17,0.0
1008,0.0,0.0,0.93,0.11,2.34,0.03
1009,0.0,0.0,0.72,0.2,2.49,0.06
1010,0.0,0.0,0.55,0.27,2.6,0.09
1011,0.0,0.0,0.56,0.36,2.55,0.14
1012,0.0,0.0,0.63,0.42,2.52,0.18
1013,0.0,0.0,0.68,0.47,2.48,0.23
1014,0.0,0.0,0.57,0.48,2.42,0.22
1015,0.0,0.0,0.43,0.52,2.41,0.19
1016,0.0,0.0,0.35,0.65,2.42,0.21
1017,0.0,0.0,0.4,0.76,2.49,0.26
1018,0.0,0.0,0.47,0.84,2.53,0.31
1019,0.0,0.0,0.44,0.82,2.47,0.29
1020,0.03,0.0,0.42,0.76,2.5,0.3
1021,0.03,0.04,0.35,0.7,2.58,0.28
1022,0.11,0.11,0.32,0.69,2.83,0.29
1023,0.19,0.23,0.28,0.69,2.99,0.27
1024,0.21,0.37,0.27,0.57,3.07,0.23
1025,0.16,0.43,0.26,0.48,3.05,0.19
1026,0.04,0.31,0.27,0.38,2.92,0.2
1027,0.02,0.14,0.25,0.41,2.74,0.28
1028,0.0,0.0,0.2,0.49,2.58,0.36
1029,0.0,0.0,0.19,0.63,2.5,0.36
1030,0.0,0.0,0.2,0.75,2.5,0.36
1031,0.0,0.02,0.17,0.75,2.62,0.34
1032,0.0,0.02,0.18,0.79,2.6,0.42
1033,0.0,0.02,0.23,0.78,2.63,0.5
1034,0.0,0.0,0.33,0.77,2.53,0.55
1035,0.0,0.0,0.35,0.69,2.59,0.55
1036,0.0,0.0,0.34,0.64,2.62,0.54
1037,0.0,0.0,0.31,0.59,2.67,0.53
1038,0.07,0.0,0.32,0.59,2.72,0.55
1039,0.09,0.0,0.36,0.62,2.64,0.53
1040,0.16,0.02,0.54,0.6,2.6,0.47
1041,0.18,0.09,0.6,0.58,2.59,0.41
1042,0.18,0.16,0.65,0.57,2.61,0.41
1043,0.15,0.17,0.58,0.68,2.59,0.48
1044,0.06,0.09,0.58,0.74,2.44,0.51
1045,0.03,0.03,0.58,0.74,2.39,0.52
1046,0.0,0.0,0.59,0.7,2.36,0.54
1047,0.0,0.0,0.6,0.67,2.38,0.56
1048,0.0,0.0,0.64,0.65,2.45,0.59
1049,0.0,0.0,0.65,0.67,2.52,0.61
1050,0.0,0.0,0.56,0.61,2.61,0.59
1051,0.0,0.0,0.47,0.61,2.6,0.57
1052,0.0,0.0,0.45,0.56,2.63,0.53
1053,0.0,0.0,0.52,0.58,2.64,0.55
1054,0.0,0.0,0.53,0.58,2.72,0.63
1055,0.0,0.0,0.45,0.57,2.74,0.69
1056,0.0,0.0,0.31,0.45,2.64,0.58
1057,0.0,0.0,0.17,0.34,2.46,0.39
1058,0.0,0.0,0.17,0.25,2.34,0.22
1059,0.0,0.0,0.29,0.28,2.29,0.21
1060,0.0,0.0,0.4,0.27,2.34,0.2
1061,0.0,0.0,0.45,0.23,2.37,0.18
1062,0.0,0.0,0.39,0.21,2.45,0.2
1063,0.0,0.0,0.35,0.22,2.47,0.22
1064,0.0,0.0,0.31,0.25,2.4,0.25
1065,0.0,0.0,0.35,0.25,2.35,0.25
1066,0.0,0.0,0.24,0.25,2.39,0.25
1067,0.0,0.0,0.14,0.24,2.53,0.24
1068,0.0,0.0,0.12,0.25,2.56,0.25
1069,0.01,0.0,0.17,0.29,2.53,0.29
1070,0.04,0.0,0.27,0.35,2.54,0.35
1071,0.04,0.0,0.18,0.44,2.56,0.44
1072,0.03,0.01,0.17,0.52,2.57,0.52
1073,0.0,0.01,0.09,0.58,2.47,0.58
1074,0.12,0.03,0.16,0.51,2.57,0.51
1075,0.23,0.02,0.26,0.4,2.58,0.4
1076,0.28,0.02,0.37,0.33,2.57,0.32
1077,0.16,0.02,0.34,0.41,2.39,0.36
1078,0.08,0.01,0.35,0.5,2.3,0.4
1079,0.09,0.01,0.28,0.57,2.36,0.46
1080,0.13,0.04,0.42,0.61,2.42,0.45
1081,0.23,0.05,0.56,0.65,2.59,0.44
1082,0.28,0.07,0.82,0.67,2.66,0.38
1083,0.23,0.04,0.84,0.65,2.67,0.34
1084,0.13,0.03,0.89,0.66,2.61,0.35
1085,0.02,0.01,0.92,0.68,2.51,0.39
1086,0.04,0.0,0.89,0.52,2.55,0.3
1087,0.08,0.0,0.79,0.38,2.6,0.19
1088,0.11,0.0,0.69,0.23,2.67,0.1
1089,0.08,0.0,0.61,0.25,2.62,0.09
1090,0.03,0.0,0.55,0.25,2.55,0.08
1091,0.01,0.0,0.53,0.28,2.51,0.08
1092,0.01,0.01,0.72,0.27,2.63,0.1
1093,0.01,0.01,0.83,0.25,2.77,0.12
1094,0.0,0.02,0.9,0.22,2.85,0.13
1095,0.0,0.02,0.85,0.22,2.86,0.14
1096,0.0,0.01,0.84,0.23,2.88,0.15
1097,0.0,0.0,0.67,0.19,2.91,0.13
1098,0.0,0.0,0.58,0.19,2.86,0.16
1099,0.0,0.0,0.56,0.21,2.76,0.22
1100,0.0,0.0,0.61,0.21,2.72,0.23
1101,0.0,0.0,0.57,0.19,2.7,0.21
1102,0.0,0.0,0.45,0.18,2.74,0.18
1103,0.0,0.01,0.52,0.17,2.72,0.17
1104,0.03,0.08,0.5,0.29,2.73,0.29
1105,0.03,0.15,0.47,0.36,2.68,0.36
1106,0.11,0.17,0.41,0.45,2.79,0.45
1107,0.08,0.1,0.52,0.4,2.77,0.39
1108,0.08,0.03,0.62,0.44,2.75,0.39
1109,0.0,0.03,0.66,0.46,2.65,0.39
1110,0.0,0.03,0.56,0.53,2.63,0.44
1111,0.0,0.07,0.45,0.54,2.6,0.46
1112,0.0,0.07,0.35,0.59,2.56,0.51
1113,0.0,0.11,0.34,0.61,2.54,0.52
1114,0.0,0.09,0.37,0.67,2.59,0.56
1115,0.0,0.07,0.36,0.7,2.62,0.56
1116,0.03,0.04,0.39,0.54,2.65,0.38
1117,0.03,0.03,0.37,0.31,2.65,0.18
1118,0.03,0.01,0.36,0.07,2.7,0.0
1119,0.01,0.0,0.3,0.08,2.79,0.08
1120,0.03,0.03,0.28,0.12,2.89,0.17
1121,0.04,0.04,0.28,0.17,2.93,0.26
1122,0.02,0.03,0.39,0.23,2.88,0.26
1123,0.01,0.01,0.5,0.33,2.8,0.27
1124,0.0,0.01,0.6,0.37,2.74,0.25
1125,0.01,0.02,0.61,0.34,2.72,0.23
1126,0.03,0.02,0.61,0.28,2.74,0.19
1127,0.03,0.01,0.58,0.23,2.69,0.13
1128,0.03,0.09,0.49,0.2,2.63,0.13
1129,0.0,0.14,0.38,0.16,2.54,0.12
1130,0.0,0.21,0.3,0.18,2.52,0.18
1131,0.0,0.17,0.34,0.16,2.52,0.15
1132,0.0,0.12,0.38,0.18,2.52,0.15
1133,0.0,0.08,0.41,0.21,2.53,0.15
1134,0.04,0.02,0.42,0.24,2.54,0.15
1135,0.07,0.02,0.44,0.25,2.56,0.14
1136,0.07,0.0,0.42,0.2,2.51,0.09
1137,0.03,0.0,0.36,0.16,2.47,0.05
1138,0.0,0.0,0.31,0.12,2.41,0.01
1139,0.0,0.0,0.34,0.12,2.4,0.03
1140,0.0,0.0,0.46,0.2,2.39,0.09
1141,0.09,0.06,0.6,0.25,2.53,0.13
1142,0.18,0.1,0.68,0.31,2.66,0.16
1143,0.28,0.13,0.65,0.31,2.78,0.16
1144,0.32,0.12,0.66,0.39,2.79,0.2
1145,0.33,0.14,0.68,0.47,2.79,0.24
1146,0.24,0.12,0.77,0.52,2.7,0.27
1147,0.12,0.06,0.81,0.5,2.57,0.26
1148,0.01,0.0,0.85,0.47,2.46,0.23
1149,0.0,0.04,0.82,0.41,2.42,0.2
1150,0.0,0.07,0.76,0.34,2.39,0.17
1151,0.0,0.07,0.63,0.3,2.35,0.21
1152,0.01,0.03,0.58,0.26,2.29,0.17
1153,0.09,0.0,0.51,0.19,2.38,0.13
1154,0.15,0.0,0.48,0.12,2.44,0.05
1155,0.18,0.0,0.4,0.12,2.52,0.06
1156,0.1,0.0,0.44,0.14,2.42,0.07
1157,0.05,0.0,0.49,0.16,2.38,0.08
1158,0.0,0.0,0.46,0.35,2.37,0.22
1159,0.0,0.0,0.36,0.51,2.47,0.34
1160,0.0,0.0,0.27,0.65,2.53,0.46
1161,0.0,0.0,0.25,0.53,2.52,0.39
1162,0.05,0.0,0.27,0.49,2.51,0.39
1163,0.07,0.0,0.3,0.46,2.46,0.38
1164,0.07,0.03,0.25,0.33,2.45,0.27
1165,0.02,0.06,0.17,0.16,2.41,0.13
1166,0.0,0.06,0.14,0.0,2.38,0.0
1167,0.02,0.02,0.2,0.0,2.4,0.0
1168,0.08,0.0,0.26,0.01,2.47,0.0
1169,0.15,0.0,0.21,0.0,2.58,0.0
1170,0.15,0.04,0.16,0.09,2.64,0.11
1171,0.11,0.08,0.14,0.17,2.63,0.21
1172,0.24,0.2,0.16,0.23,2.86,0.31
1173,0.44,0.27,0.18,0.21,3.11,0.3
1174,0.61,0.31,0.23,0.21,3.35,0.28
1175,0.67,0.32,0.32,0.28,3.47,0.35
1176,0.45,0.28,0.46,0.38,3.27,0.42
1177,0.25,0.26,0.57,0.45,3.05,0.49
1178,0.08,0.15,0.55,0.47,2.75,0.46
1179,0.21,0.11,0.5,0.46,2.82,0.45
1180,0.31,0.05,0.44,0.47,2.87,0.46
1181,0.34,0.05,0.5,0.49,2.9,0.48
1182,0.23,0.03,0.44,0.44,2.8,0.43
1183,0.18,0.02,0.41,0.4,2.82,0.39
1184,0.08,0.0,0.37,0.33,2.75,0.33
1185,0.06,0.0,0.43,0.37,2.71,0.37
1186,0.04,0.0,0.38,0.35,2.72,0.35
1187,0.03,0.0,0.27,0.35,2.8,0.34
1188,0.03,0.0,0.29,0.32,2.81,0.28
1189,0.07,0.0,0.47,0.4,2.79,0.31
1190,0.07,0.0,0.59,0.46,2.7,0.32
1191,0.12,0.0,0.59,0.46,2.77,0.31
1192,0.12,0.0,0.55,0.34,2.77,0.23
1193,0.17,0.0,0.56,0.24,2.87,0.16
1194,0.12,0.0,0.66,0.3,2.71,0.18
1195,0.06,0.0,0.72,0.42,2.57,0.25
1196,0.0,0.0,0.79,0.53,2.41,0.33
1197,0.0,0.01,0.79,0.55,2.41,0.38
1198,0.0,0.01,0.82,0.52,2.38,0.37
1199,0.0,0.01,0.77,0.46,2.39,0.33
1200,0.0,0.0,0.71,0.35,2.39,0.26
1201,0.0,0.0,0.69,0.25,2.44,0.21
1202,0.0,0.0,0.64,0.18,2.48,0.18
1203,0.0,0.0,0.63,0.2,2.52,0.2
1204,0.0,0.0,0.57,0.2,2.52,0.2
1205,0.0,0.0,0.55,0.21,2.51,0.21
1206,0.02,0.0,0.43,0.25,2.52,0.25
1207,0.11,0.0,0.32,0.28,2.64,0.28
1208,0.15,0.0,0.23,0.29,2.66,0.29
1209,0.16,0.01,0.24,0.3,2.72,0.3
1210,0.14,0.02,0.26,0.31,2.69,0.31
1211,0.16,0.02,0.24,0.3,2.72,0.3
1212,0.13,0.02,0.29,0.31,2.64,0.3
1213,0.06,0.02,0.32,0.32,2.52,0.3
1214,0.0,0.08,0.42,0.35,2.43,0.32
1215,0.0,0.14,0.48,0.3,2.43,0.27
1216,0.0,0.18,0.53,0.27,2.44,0.24
1217,0.0,0.19,0.48,0.26,2.47,0.24
1218,0.0,0.16,0.41,0.26,2.5,0.26
1219,0.03,0.11,0.3,0.29,2.58,0.33
1220,0.03,0.04,0.3,0.29,2.61,0.41
1221,0.03,0.01,0.28,0.29,2.63,0.44
1222,0.0,0.01,0.32,0.25,2.62,0.37
1223,0.01,0.01,0.34,0.26,2.66,0.35
1224,0.01,0.0,0.36,0.25,2.67,0.3
1225,0.01,0.02,0.4,0.26,2.69,0.29
1226,0.0,0.01,0.45,0.24,2.72,0.27
1227,0.0,0.01,0.52,0.25,2.78,0.31
1228,0.0,0.0,0.55,0.26,2.8,0.36
1229,0.01,0.0,0.62,0.3,2.67,0.37
1230,0.01,0.02,0.6,0.32,2.68,0.36
1231,0.01,0.02,0.58,0.34,2.64,0.34
1232,0.0,0.04,0.41,0.3,2.73,0.3
1233,0.0,0.03,0.35,0.29,2.66,0.29
1234,0.03,0.08,0.24,0.24,2.71,0.24
1235,0.05,0.09,0.23,0.2,2.72,0.2
1236,0.05,0.08,0.3,0.11,2.77,0.11
1237,0.02,0.03,0.38,0.06,2.74,0.05
1238,0.0,0.0,0.46,0.03,2.71,0.0
1239,0.0,0.03,0.57,0.03,2.74,0.0
1240,0.0,0.04,0.71,0.01,2.73,0.0
1241,0.0,0.05,0.86,0.0,2.75,0.0
1242,0.0,0.03,0.66,0.01,2.72,0.05
1243,0.0,0.01,0.42,0.03,2.71,0.12
1244,0.0,0.0,0.15,0.04,2.7,0.13
1245,0.0,0.0,0.13,0.03,2.69,0.09
1246,0.0,0.0,0.16,0.01,2.68,0.03
1247,0.0,0.0,0.24,0.03,2.69,0.05
1248,0.0,0.02,0.32,0.04,2.7,0.12
1249,0.0,0.05,0.42,0.04,2.72,0.18
1250,0.0,0.08,0.46,0.01,2.73,0.23
1251,0.0,0.07,0.43,0.0,2.71,0.21
1252,0.0,0.05,0.41,0.0,2.69,0.23
1253,0.01,0.03,0.4,0.0,2.69,0.23
1254,0.01,0.03,0.38,0.04,2.73,0.23
1255,0.01,0.01,0.33,0.07,2.78,0.2
1256,0.0,0.0,0.28,0.07,2.77,0.11
1257,0.0,0.0,0.28,0.05,2.77,0.1
1258,0.0,0.0,0.31,0.02,2.76,0.09
1259,0.0,0.0,0.31,0.06,2.77,0.13
1260,0.0,0.0,0.39,0.17,2.71,0.21
1261,0.0,0.01,0.46,0.29,2.65,0.29
1262,0.0,0.03,0.58,0.38,2.6,0.37
1263,0.0,0.05,0.58,0.39,2.62,0.37
1264,0.0,0.06,0.53,0.47,2.61,0.42
1265,0.0,0.08,0.5,0.55,2.64,0.49
1266,0.0,0.22,0.38,0.52,2.61,0.57
1267,0.06,0.26,0.3,0.42,2.65,0.57
1268,0.13,0.3,0.2,0.3,2.71,0.51
1269,0.13,0.14,0.25,0.29,2.69,0.41
1270,0.12,0.07,0.27,0.3,2.69,0.35
1271,0.12,0.0,0.34,0.29,2.66,0.35
1272,0.13,0.0,0.31,0.34,2.69,0.38
1273,0.09,0.02,0.32,0.3,2.64,0.33
1274,0.01,0.04,0.29,0.29,2.53,0.29
1275,0.0,0.07,0.32,0.22,2.52,0.22
1276,0.0,0.05,0.42,0.27,2.46,0.36
1277,0.0,0.07,0.48,0.32,2.43,0.5
1278,0.01,0.04,0.41,0.36,2.45,0.62
1279,0.01,0.04,0.26,0.33,2.56,0.5
1280,0.01,0.01,0.13,0.32,2.65,0.4
1281,0.0,0.01,0.21,0.28,2.63,0.28
1282,0.0,0.03,0.26,0.3,2.63,0.3
1283,0.0,0.06,0.3,0.31,2.65,0.31
1284,0.0,0.09,0.49,0.23,2.67,0.23
1285,0.0,0.1,0.67,0.11,2.67,0.11
1286,0.0,0.1,0.92,0.0,2.64,0.0
1287,0.0,0.08,1.05,0.0,2.59,0.0
1288,0.0,0.05,1.18,0.0,2.55,0.0
1289,0.0,0.04,1.21,0.0,2.54,0.0
1290,0.0,0.03,1.06,0.01,2.56,0.02
1291,0.0,0.03,0.94,0.02,2.58,0.05
1292,0.0,0.05,0.88,0.02,2.61,0.08
1293,0.0,0.1,0.96,0.02,2.63,0.09
1294,0.01,0.13,1.08,0.02,2.62,0.07
1295,0.02,0.13,1.16,0.02,2.6,0.08
1296,0.02,0.09,1.21,0.0,2.63,0.05
1297,0.01,0.06,1.21,0.0,2.69,0.03
1298,0.0,0.02,1.25,0.0,2.74,0.0
1299,0.0,0.02,1.27,0.0,2.75,0.0
1300,0.0,0.02,1.3,0.0,2.76,0.0
1301,0.0,0.05,1.25,0.0,2.78,0.0
1302,0.0,0.11,1.15,0.0,2.79,0.01
1303,0.0,0.16,1.08,0.0,2.78,0.01
1304,0.0,0.16,1.03,0.01,2.76,0.02
1305,0.0,0.12,1.04,0.03,2.74,0.03
1306,0.0,0.09,1.03,0.06,2.74,0.06
1307,0.0,0.1,1.04,0.09,2.74,0.09
1308,0.1,0.06,0.98,0.06,2.79,0.08
1309,0.1,0.04,0.81,0.1,2.79,0.12
1310,0.12,0.0,0.63,0.1,2.8,0.12
1311,0.09,0.0,0.57,0.18,2.85,0.21
1312,0.11,0.0,0.58,0.21,2.9,0.26
1313,0.1,0.0,0.6,0.26,2.9,0.33
1314,0.04,0.18,0.5,0.3,2.85,0.34
1315,0.01,0.22,0.4,0.35,2.8,0.37
1316,0.01,0.34,0.31,0.39,2.79,0.39
1317,0.0,0.21,0.38,0.34,2.77,0.38
1318,0.0,0.19,0.42,0.3,2.8,0.35
1319,0.0,0.21,0.6,0.24,2.87,0.34
1320,0.0,0.18,0.81,0.21,2.88,0.27
1321,0.08,0.22,0.99,0.12,2.99,0.22
1322,0.19,0.21,1.05,0.09,3.09,0.18
1323,0.3,0.3,1.03,0.09,3.27,0.19
1324,0.22,0.34,0.99,0.08,3.25,0.14
1325,0.11,0.35,0.98,0.04,3.18,0.09
1326,0.1,0.38,1.12,0.0,3.17,0.1
1327,0.15,0.34,1.31,0.0,3.15,0.17
1328,0.22,0.3,1.47,0.0,3.15,0.22
1329,0.23,0.24,1.4,0.0,3.1,0.23
1330,0.36,0.25,1.36,0.0,3.2,0.17
1331,0.29,0.19,1.3,0.0,3.1,0.11
1332,0.19,0.15,1.24,0.0,2.99,0.08
1333,0.0,0.07,1.09,0.0,2.76,0.06
1334,0.0,0.05,0.96,0.0,2.77,0.04
1335,0.0,0.02,0.9,0.0,2.77,0.04
1336,0.0,0.0,0.84,0.0,2.81,0.05
1337,0.0,0.0,0.94,0.0,2.76,0.04
1338,0.0,0.01,1.11,0.0,2.73,0.08
1339,0.0,0.1,1.28,0.0,2.67,0.1
1340,0.0,0.17,1.36,0.0,2.66,0.16
1341,0.0,0.25,1.33,0.0,2.64,0.15
1342,0.08,0.18,1.28,0.0,2.68,0.16
1343,0.08,0.15,1.27,0.0,2.75,0.14
1344,0.1,0.08,1.31,0.0,2.76,0.16
1345,0.03,0.07,1.4,0.0,2.72,0.18
1346,0.09,0.05,1.43,0.0,2.74,0.18
1347,0.13,0.06,1.45,0.0,2.81,0.16
1348,0.2,0.09,1.47,0.0,2.91,0.12
1349,0.22,0.12,1.42,0.0,2.94,0.16
1350,0.16,0.09,1.48,0.0,2.97,0.25
1351,0.08,0.05,1.63,0.0,2.99,0.36
1352,0.0,0.0,1.83,0.0,2.98,0.43
1353,0.0,0.0,1.93,0.0,3.01,0.45
1354,0.01,0.0,1.86,0.0,2.98,0.36
1355,0.01,0.0,1.83,0.0,2.96,0.26
1356,0.01,0.02,1.84,0.0,2.85,0.12
1357,0.0,0.03,1.88,0.0,2.75,0.12
1358,0.0,0.05,1.93,0.0,2.67,0.1
1359,0.0,0.04,1.87,0.0,2.67,0.14
1360,0.0,0.02,1.86,0.0,2.69,0.14
1361,0.0,0.0,1.81,0.0,2.7,0.15
1362,0.0,0.0,1.63,0.04,2.75,0.34
1363,0.0,0.0,1.4,0.08,2.83,0.53
1364,0.0,0.02,1.17,0.14,2.91,0.76
1365,0.0,0.02,1.14,0.15,2.92,0.78
1366,0.0,0.03,1.14,0.17,2.92,0.83
1367,0.0,0.01,1.13,0.13,2.87,0.72
1368,0.0,0.01,1.13,0.08,2.79,0.55
1369,0.0,0.0,1.14,0.02,2.71,0.35
1370,0.0,0.0,1.2,0.01,2.66,0.28
1371,0.0,0.0,1.26,0.06,2.69,0.31
1372,0.0,0.0,1.28,0.1,2.73,0.33
1373,0.0,0.0,1.28,0.15,2.75,0.35
1374,0.0,0.0,1.41,0.09,2.68,0.39
1375,0.0,0.0,1.51,0.05,2.61,0.46
1376,0.0,0.0,1.57,0.0,2.57,0.48
1377,0.0,0.0,1.47,0.0,2.59,0.43
1378,0.0,0.0,1.4,0.0,2.6,0.39
1379,0.0,0.0,1.41,0.0,2.59,0.39
1380,0.01,0.07,1.42,0.0,2.63,0.36
1381,0.01,0.15,1.55,0.0,2.68,0.28
1382,0.01,0.22,1.65,0.0,2.75,0.21
1383,0.0,0.21,1.76,0.0,2.77,0.19
1384,0.0,0.19,1.76,0.0,2.79,0.19
1385,0.0,0.16,1.75,0.0,2.83,0.18
1386,0.0,0.25,1.55,0.01,2.9,0.28
1387,0.0,0.21,1.43,0.01,2.88,0.32
1388,0.0,0.17,1.33,0.01,2.85,0.39
1389,0.0,0.07,1.41,0.06,2.84,0.47
1390,0.0,0.1,1.47,0.11,2.89,0.56
1391,0.0,0.14,1.52,0.15,2.88,0.64
1392,0.0,0.09,1.67,0.14,2.77,0.5
1393,0.0,0.06,1.74,0.11,2.73,0.35
1394,0.0,0.01,1.84,0.11,2.76,0.25
1395,0.0,0.03,1.83,0.1,2.83,0.24
1396,0.0,0.07,1.88,0.07,2.84,0.26
1397,0.0,0.09,1.87,0.07,2.84,0.27
1398,0.0,0.15,1.72,0.07,2.79,0.31
1399,0.0,0.17,1.53,0.08,2.81,0.31
1400,0.0,0.2,1.35,0.08,2.78,0.31
1401,0.0,0.18,1.35,0.09,2.82,0.34
1402,0.0,0.17,1.35,0.11,2.82,0.4
1403,0.0,0.16,1.34,0.11,2.86,0.43
1404,0.0,0.24,1.33,0.1,2.86,0.35
1405,0.0,0.29,1.38,0.07,2.84,0.25
1406,0.0,0.32,1.39,0.06,2.81,0.17
1407,0.0,0.29,1.35,0.08,2.81,0.21
1408,0.0,0.28,1.29,0.1,2.83,0.26
1409,0.0,0.34,1.34,0.07,2.91,0.19
1410,0.0,0.39,1.31,0.03,2.94,0.16
1411,0.0,0.46,1.37,0.0,2.99,0.12
1412,0.0,0.48,1.22,0.0,2.93,0.13
1413,0.0,0.48,1.2,0.0,2.9,0.08
1414,0.0,0.48,1.08,0.0,2.85,0.09
1415,0.0,0.48,1.09,0.0,2.86,0.14
1416,0.0,0.63,1.23,0.0,2.86,0.19
1417,0.0,0.66,1.34,0.0,2.84,0.15
1418,0.0,0.74,1.45,0.0,2.8,0.13
1419,0.0,0.67,1.41,0.0,2.8,0.1
1420,0.01,0.74,1.39,0.0,2.83,0.11
1421,0.0,0.75,1.38,0.0,2.84,0.09
1422,0.0,0.82,1.44,0.04,2.9,0.19
1423,0.0,0.83,1.51,0.08,2.95,0.29
1424,0.07,0.75,1.59,0.07,3.05,0.33
1425,0.11,0.65,1.62,0.04,3.04,0.25
1426,0.11,0.56,1.6,0.0,3.01,0.2
1427,0.05,0.55,1.56,0.0,2.94,0.22
1428,0.01,0.54,1.55,0.0,2.9,0.34
1429,0.01,0.52,1.45,0.0,2.89,0.44
1430,0.0,0.49,1.37,0.0,2.86,0.55
1431,0.05,0.48,1.31,0.0,2.9,0.52
1432,0.1,0.51,1.37,0.01,2.96,0.5
1433,0.14,0.54,1.43,0.01,3.0,0.44
1434,0.13,0.48,1.41,0.0,3.06,0.49
1435,0.12,0.39,1.39,0.0,3.11,0.59
1436,0.12,0.3,1.35,0.0,3.17,0.67
1437,0.11,0.36,1.28,0.0,3.2,0.67
1438,0.09,0.44,1.15,0.0,3.21,0.63
1439,0.07,0.48,1.09,0.0,3.23,0.6
1440,0.06,0.34,1.2,0.02,3.19,0.62
1441,0.05,0.2,1.4,0.14,3.1,0.78
1442,0.0,0.14,1.54,0.25,2.98,0.94
1443,0.0,0.19,1.59,0.34,2.97,1.07
1444,0.0,0.27,1.48,0.36,3.07,1.08
1445,0.0,0.36,1.43,0.4,3.14,1.14
1446,0.0,0.35,1.13,0.32,3.17,0.99
1447,0.0,0.31,0.98,0.23,3.11,0.83
1448,0.0,0.27,0.8,0.14,3.06,0.66
1449,0.0,0.3,0.8,0.15,3.09,0.7
1450,0.0,0.28,0.82,0.18,3.16,0.77
1451,0.0,0.26,0.81,0.21,3.18,0.75
1452,0.0,0.15,0.99,0.23,3.12,0.61
1453,0.0,0.09,1.1,0.23,3.02,0.45
1454,0.0,0.02,1.25,0.2,2.96,0.39
1455,0.0,0.03,1.2,0.21,2.94,0.46
1456,0.0,0.02,1.2,0.22,2.93,0.53
1457,0.0,0.04,1.17,0.3,2.92,0.63
1458,0.0,0.12,1.19,0.28,2.94,0.64
1459,0.0,0.25,1.2,0.23,2.94,0.61
1460,0.0,0.37,1.23,0.19,2.93,0.6
1461,0.0,0.42,1.24,0.2,2.91,0.62
1462,0.0,0.37,1.23,0.19,2.94,0.57
1463,0.0,0.32,1.26,0.14,2.95,0.47
1464,0.0,0.19,1.31,0.06,2.96,0.29
1465,0.0,0.1,1.4,0.03,2.95,0.23
1466,0.0,0.01,1.5,0.0,2.94,0.16
1467,0.0,0.0,1.51,0.0,2.95,0.15
1468,0.0,0.0,1.52,0.0,2.96,0.14
1469,0.0,0.03,1.44,0.0,2.97,0.16
1470,0.0,0.05,1.4,0.09,2.83,0.38
1471,0.0,0.08,1.39,0.17,2.73,0.5
1472,0.0,0.11,1.43,0.24,2.67,0.62
1473,0.0,0.13,1.43,0.24,2.73,0.58
1474,0.0,0.16,1.36,0.24,2.82,0.63
1475,0.0,0.19,1.32,0.23,2.89,0.67
1476,0.0,0.22,1.35,0.15,2.96,0.65
1477,0.0,0.24,1.37,0.07,2.93,0.55
1478,0.0,0.23,1.38,0.0,2.9,0.47
1479,0.0,0.24,1.36,0.01,2.87,0.36
1480,0.01,0.21,1.35,0.04,2.9,0.36
1481,0.01,0.21,1.36,0.08,2.9,0.34
1482,0.01,0.13,1.32,0.1,2.9,0.42
1483,0.0,0.06,1.29,0.11,2.89,0.48
1484,0.0,0.0,1.19,0.08,2.88,0.53
1485,0.0,0.0,1.17,0.09,2.88,0.56
1486,0.02,0.0,1.16,0.09,2.91,0.55
1487,0.02,0.0,1.25,0.09,2.89,0.56
1488,0.02,0.01,1.33,0.05,2.79,0.45
1489,0.0,0.02,1.42,0.02,2.63,0.36
1490,0.0,0.04,1.45,0.01,2.55,0.25
1491,0.0,0.05,1.43,0.01,2.55,0.24
1492,0.0,0.06,1.4,0.01,2.57,0.24
1493,0.0,0.07,1.37,0.0,2.6,0.24
1494,0.0,0.07,1.42,0.0,2.65,0.31
1495,0.0,0.05,1.43,0.0,2.7,0.34
1496,0.0,0.06,1.54,0.0,2.75,0.35
1497,0.0,0.13,1.56,0.0,2.8,0.28
1498,0.0,0.24,1.59,0.0,2.8,0.28
1499,0.06,0.31,1.5,0.0,2.84,0.33
1500,0.06,0.23,1.28,0.0,2.77,0.36
1501,0.06,0.11,1.12,0.0,2.68,0.38
1502,0.0,0.01,1.03,0.0,2.59,0.38
1503,0.0,0.0,1.05,0.0,2.56,0.43
1504,0.0,0.02,1.13,0.0,2.61,0.36
1505,0.0,0.02,1.22,0.0,2.64,0.31
1506,0.0,0.05,1.27,0.03,2.59,0.32
1507,0.0,0.09,1.21,0.05,2.56,0.4
1508,0.0,0.15,1.14,0.07,2.52,0.48
1509,0.03,0.16,1.22,0.04,2.66,0.51
1510,0.05,0.16,1.31,0.02,2.77,0.53
1511,0.05,0.1,1.43,0.05,2.82,0.66
1512,0.02,0.19,1.48,0.1,2.73,0.61
1513,0.09,0.16,1.57,0.17,2.74,0.61
1514,0.11,0.18,1.61,0.2,2.72,0.5
1515,0.12,0.09,1.64,0.24,2.74,0.56
1516,0.09,0.14,1.66,0.24,2.72,0.53
1517,0.14,0.19,1.7,0.24,2.78,0.5
1518,0.13,0.15,1.52,0.16,2.94,0.44
1519,0.07,0.08,1.35,0.08,3.04,0.35
1520,0.0,0.01,1.23,0.0,3.14,0.27
1521,0.0,0.01,1.39,0.0,3.12,0.18
1522,0.0,0.01,1.48,0.0,3.09,0.14
1523,0.0,0.0,1.54,0.0,3.05,0.09
1524,0.0,0.01,1.52,0.05,3.02,0.16
1525,0.0,0.05,1.57,0.09,3.0,0.22
1526,0.0,0.06,1.55,0.14,2.99,0.32
1527,0.0,0.05,1.51,0.14,2.98,0.35
1528,0.0,0.01,1.43,0.14,2.98,0.36
1529,0.0,0.0,1.46,0.14,2.94,0.34
1530,0.0,0.0,1.51,0.13,2.9,0.39
1531,0.0,0.0,1.57,0.11,2.82,0.44
1532,0.0,0.0,1.52,0.11,2.76,0.48
1533,0.0,0.0,1.45,0.12,2.72,0.44
1534,0.0,0.0,1.43,0.11,2.71,0.43
1535,0.0,0.0,1.44,0.09,2.67,0.44
1536,0.0,0.0,1.36,0.05,2.64,0.45
1537,0.0,0.0,1.25,0.03,2.6,0.42
1538,0.0,0.0,1.15,0.0,2.67,0.36
1539,0.0,0.0,1.17,0.0,2.72,0.32
1540,0.0,0.0,1.2,0.0,2.77,0.28
1541,0.05,0.0,1.21,0.0,2.72,0.23
1542,0.07,0.0,1.31,0.01,2.74,0.27
1543,0.1,0.0,1.42,0.03,2.76,0.32
1544,0.04,0.0,1.48,0.1,2.78,0.55
1545,0.02,0.0,1.47,0.16,2.75,0.67
1546,0.0,0.0,1.47,0.2,2.77,0.66
1547,0.0,0.0,1.47,0.18,2.8,0.5
1548,0.0,0.01,1.41,0.1,2.79,0.26
1549,0.0,0.02,1.41,0.06,2.77,0.17
1550,0.0,0.02,1.42,0.0,2.76,0.04
1551,0.03,0.01,1.45,0.0,2.77,0.06
1552,0.03,0.0,1.4,0.0,2.76,0.07
1553,0.03,0.0,1.38,0.0,2.74,0.1
1554,0.0,0.0,1.38,0.05,2.73,0.26
1555,0.0,0.0,1.39,0.11,2.76,0.43
1556,0.0,0.0,1.33,0.2,2.8,0.62
1557,0.0,0.0,1.32,0.25,2.89,0.73
1558,0.0,0.0,1.27,0.28,2.89,0.8
1559,0.0,0.0,1.3,0.27,2.9,0.89
1560,0.0,0.0,1.29,0.29,2.79,0.84
1561,0.0,0.0,1.31,0.33,2.75,0.78
1562,0.0,0.01,1.27,0.42,2.7,0.78
1563,0.0,0.04,1.21,0.44,2.75,0.81
1564,0.0,0.04,1.2,0.45,2.77,0.81
1565,0.0,0.02,1.22,0.43,2.77,0.75
1566,0.0,0.0,1.24,0.31,2.69,0.49
1567,0.0,0.0,1.2,0.21,2.59,0.3
1568,0.0,0.0,1.19,0.11,2.47,0.11
1569,0.0,0.0,1.14,0.14,2.45,0.14
1570,0.0,0.0,1.12,0.17,2.44,0.17
1571,0.0,0.04,1.1,0.26,2.49,0.26
1572,0.0,0.04,1.02,0.3,2.53,0.38
1573,0.0,0.04,0.98,0.31,2.56,0.5
1574,0.0,0.0,0.98,0.25,2.6,0.49
1575,0.01,0.0,1.09,0.21,2.63,0.45
1576,0.01,0.0,1.16,0.22,2.67,0.4
1577,0.01,0.0,1.13,0.24,2.66,0.44
1578,0.01,0.05,1.1,0.19,2.71,0.31
1579,0.0,0.06,1.12,0.13,2.74,0.19
1580,0.0,0.07,1.2,0.06,2.81,0.06
1581,0.0,0.03,1.25,0.05,2.85,0.06
1582,0.0,0.05,1.27,0.04,2.88,0.05
1583,0.04,0.03,1.27,0.02,2.96,0.03
1584,0.07,0.02,1.17,0.01,2.93,0.04
1585,0.08,0.0,1.03,0.0,2.9,0.06
1586,0.05,0.0,0.96,0.0,2.78,0.1
1587,0.03,0.0,0.98,0.0,2.74,0.12
1588,0.03,0.0,1.07,0.0,2.72,0.13
1589,0.06,0.0,1.06,0.0,2.72,0.14
1590,0.06,0.0,1.09,0.02,2.78,0.19
1591,0.04,0.0,1.09,0.02,2.81,0.23
1592,0.01,0.0,1.15,0.02,2.87,0.26
1593,0.03,0.0,1.19,0.02,2.88,0.27
1594,0.03,0.0,1.25,0.05,2.89,0.28
1595,0.02,0.0,1.28,0.07,2.85,0.27
1596,0.03,0.0,1.32,0.05,2.83,0.28
1597,0.06,0.0,1.34,0.02,2.82,0.29
1598,0.1,0.0,1.34,0.0,2.83,0.31
1599,0.07,0.0,1.32,0.0,2.74,0.26
1600,0.04,0.0,1.29,0.0,2.66,0.22
1601,0.01,0.0,1.29,0.0,2.62,0.19
1602,0.01,0.0,1.32,0.03,2.62,0.22
1603,0.01,0.0,1.36,0.05,2.69,0.27
1604,0.0,0.0,1.41,0.08,2.71,0.28
1605,0.0,0.0,1.45,0.07,2.7,0.26
1606,0.0,0.0,1.49,0.06,2.64,0.21
1607,0.0,0.0,1.42,0.04,2.62,0.22
1608,0.0,0.0,1.36,0.02,2.68,0.15
1609,0.0,0.0,1.27,0.0,2.73,0.07
1610,0.0,0.0,1.27,0.0,2.76,0.0
1611,0.0,0.0,1.2,0.0,2.79,0.0
1612,0.0,0.0,1.15,0.0,2.8,0.0
1613,0.0,0.0,1.1,0.0,2.81,0.0
1614,0.0,0.0,1.11,0.0,2.74,0.0
1615,0.0,0.0,1.1,0.0,2.69,0.0
1616,0.0,0.0,1.13,0.0,2.65,0.0
1617,0.0,0.04,1.15,0.0,2.66,0.0
1618,0.0,0.07,1.16,0.0,2.66,0.0
1619,0.0,0.07,1.21,0.0,2.69,0.0
1620,0.0,0.03,1.21,0.04,2.72,0.1
1621,0.0,0.0,1.29,0.07,2.76,0.17
1622,0.0,0.0,1.28,0.09,2.8,0.27
1623,0.0,0.0,1.33,0.07,2.82,0.29
1624,0.0,0.0,1.33,0.04,2.85,0.29
1625,0.0,0.0,1.3,0.02,2.86,0.26
1626,0.07,0.0,1.1,0.0,2.93,0.15
1627,0.1,0.0,0.97,0.0,3.0,0.1
1628,0.1,0.0,0.82,0.0,3.04,0.1
1629,0.03,0.0,0.96,0.0,2.96,0.22
1630,0.0,0.0,0.99,0.0,2.88,0.29
1631,0.0,0.0,1.07,0.0,2.87,0.3
1632,0.0,0.0,0.92,0.02,2.85,0.17
1633,0.0,0.0,0.84,0.02,2.8,0.07
1634,0.0,0.0,0.76,0.02,2.67,0.0
1635,0.0,0.0,0.81,0.0,2.64,0.0
1636,0.0,0.0,0.88,0.0,2.65,0.0
1637,0.0,0.0,0.92,0.0,2.71,0.0
1638,0.0,0.0,1.03,0.0,2.79,0.0
1639,0.0,0.0,1.09,0.0,2.75,0.02
1640,0.0,0.0,1.21,0.0,2.72,0.08
1641,0.0,0.0,1.24,0.0,2.72,0.13
1642,0.0,0.0,1.24,0.0,2.82,0.15
1643,0.0,0.0,1.23,0.0,2.88,0.15
1644,0.0,0.01,1.32,0.0,2.83,0.19
1645,0.0,0.01,1.39,0.0,2.8,0.22
1646,0.0,0.01,1.44,0.0,2.69,0.2
1647,0.0,0.01,1.43,0.0,2.65,0.16
1648,0.0,0.01,1.44,0.0,2.6,0.1
1649,0.0,0.0,1.5,0.0,2.64,0.13
1650,0.13,0.03,1.42,0.0,2.88,0.09
1651,0.23,0.05,1.35,0.0,3.08,0.11
1652,0.32,0.05,1.2,0.0,3.22,0.06
1653,0.29,0.02,1.18,0.0,3.19,0.05
1654,0.22,0.01,1.14,0.0,3.05,0.01
1655,0.21,0.02,1.13,0.0,2.98,0.0
1656,0.12,0.02,1.09,0.0,2.87,0.0
1657,0.12,0.03,1.07,0.0,2.96,0.0
1658,0.1,0.01,1.09,0.0,3.02,0.0
1659,0.17,0.01,1.11,0.0,3.1,0.0
1660,0.17,0.0,1.14,0.0,3.09,0.0
1661,0.22,0.0,1.14,0.0,3.13,0.0
1662,0.15,0.0,1.2,0.0,3.06,0.0
1663,0.09,0.0,1.28,0.0,2.99,0.0
1664,0.0,0.0,1.24,0.0,2.94,0.0
1665,0.0,0.0,1.14,0.0,2.95,0.0
1666,0.0,0.0,1.08,0.0,2.95,0.04
1667,0.0,0.0,1.12,0.0,2.89,0.07
1668,0.0,0.06,1.27,0.0,2.81,0.07
1669,0.0,0.09,1.29,0.0,2.82,0.07
1670,0.0,0.1,1.31,0.0,2.82,0.07
1671,0.0,0.06,1.23,0.0,2.84,0.09
1672,0.0,0.03,1.22,0.0,2.83,0.05
1673,0.0,0.04,1.22,0.0,2.85,0.05
1674,0.0,0.02,1.04,0.0,2.78,0.02
1675,0.0,0.02,0.9,0.0,2.71,0.02
1676,0.0,0.0,0.77,0.0,2.62,0.0
1677,0.0,0.0,0.83,0.0,2.62,0.0
1678,0.0,0.0,0.9,0.0,2.62,0.0
1679,0.0,0.03,0.98,0.0,2.69,0.0
1680,0.0,0.03,1.08,0.0,2.82,0.0
1681,0.0,0.03,1.17,0.0,2.96,0.0
1682,0.0,0.0,1.24,0.0,3.03,0.0
1683,0.0,0.0,1.28,0.0,3.01,0.0
1684,0.0,0.0,1.27,0.0,3.0,0.0
1685,0.0,0.0,1.24,0.0,2.99,0.0
1686,0.0,0.0,1.19,0.0,2.94,0.0
1687,0.0,0.0,1.18,0.0,2.86,0.0
1688,0.0,0.0,1.15,0.0,2.75,0.0
1689,0.0,0.0,1.12,0.0,2.75,0.05
1690,0.0,0.0,1.09,0.0,2.76,0.09
1691,0.0,0.0,1.04,0.0,2.8,0.1
1692,0.0,0.0,1.07,0.0,2.83,0.12
1693,0.0,0.0,1.09,0.0,2.86,0.15
1694,0.0,0.0,1.11,0.0,2.91,0.25
1695,0.0,0.0,1.08,0.0,2.92,0.27
1696,0.0,0.0,1.06,0.0,2.93,0.29
1697,0.0,0.0,1.06,0.04,2.9,0.3
1698,0.0,0.0,1.12,0.04,2.98,0.22
1699,0.0,0.0,1.19,0.04,2.99,0.15
1700,0.0,0.0,1.25,0.0,3.02,0.03
1701,0.0,0.0,1.26,0.0,2.93,0.06
1702,0.0,0.0,1.2,0.0,2.93,0.05
1703,0.0,0.05,1.15,0.0,2.98,0.08
1704,0.0,0.05,1.1,0.0,2.95,0.13
1705,0.04,0.05,1.1,0.0,2.99,0.16
1706,0.1,0.0,1.16,0.0,2.98,0.13
1707,0.13,0.0,1.26,0.0,3.06,0.1
1708,0.09,0.0,1.37,0.0,3.05,0.09
1709,0.08,0.0,1.36,0.0,2.97,0.11
1710,0.06,0.0,1.33,0.0,2.72,0.07
1711,0.15,0.0,1.3,0.0,2.64,0.04
1712,0.15,0.0,1.27,0.0,2.58,0.0
1713,0.17,0.0,1.24,0.0,2.64,0.0
1714,0.07,0.0,1.2,0.0,2.56,0.0
1715,0.02,0.0,1.19,0.0,2.55,0.0
1716,0.0,0.02,1.31,0.0,2.58,0.0
1717,0.0,0.04,1.45,0.0,2.61,0.0
1718,0.0,0.06,1.55,0.0,2.63,0.0
1719,0.0,0.04,1.58,0.0,2.58,0.03
1720,0.0,0.02,1.59,0.0,2.52,0.08
1721,0.0,0.0,1.61,0.0,2.47,0.14
1722,0.0,0.0,1.35,0.0,2.57,0.11
1723,0.0,0.0,1.1,0.0,2.71,0.05
1724,0.0,0.0,0.8,0.0,2.85,0.0
1725,0.0,0.0,0.77,0.0,2.9,0.0
1726,0.0,0.0,0.76,0.0,2.93,0.0
1727,0.0,0.0,0.82,0.0,2.93,0.0
1728,0.08,0.18,0.87,0.02,3.0,0.02
1729,0.08,0.29,0.93,0.02,2.98,0.02
1730,0.08,0.41,0.94,0.04,2.98,0.04
1731,0.0,0.33,0.96,0.05,2.92,0.05
1732,0.0,0.33,0.97,0.05,2.93,0.05
1733,0.0,0.31,1.0,0.03,2.96,0.03
1734,0.14,0.36,0.98,0.0,3.11,0.0
1735,0.23,0.36,0.94,0.0,3.2,0.0
1736,0.39,0.28,0.91,0.0,3.31,0.03
1737,0.44,0.14,0.96,0.0,3.3,0.05
1738,0.53,0.01,1.0,0.0,3.35,0.07
1739,0.49,0.1,0.93,0.0,3.33,0.04
1740,0.32,0.09,0.91,0.04,3.16,0.02
1741,0.13,0.09,0.92,0.06,3.04,0.0
1742,0.02,0.0,1.04,0.09,2.97,0.0
1743,0.0,0.0,1.1,0.09,2.99,0.0
1744,0.08,0.0,1.19,0.07,3.08,0.0
1745,0.13,0.0,1.26,0.03,3.17,0.0
1746,0.13,0.0,1.28,0.0,3.24,0.0
1747,0.09,0.0,1.16,0.0,3.19,0.0
1748,0.09,0.0,1.02,0.0,3.13,0.0
1749,0.25,0.0,0.94,0.01,3.21,0.0
1750,0.35,0.0,0.99,0.01,3.29,0.0
1751,0.45,0.0,1.08,0.04,3.34,0.0
1752,0.29,0.0,1.06,0.03,3.16,0.0
1753,0.16,0.0,1.02,0.06,2.87,0.01
1754,0.02,0.0,0.92,0.03,2.67,0.01
1755,0.0,0.0,0.89,0.03,2.58,0.01
1756,0.0,0.0,0.92,0.05,2.66,0.0
1757,0.01,0.0,0.88,0.1,2.69,0.0
1758,0.21,0.0,0.93,0.2,2.88,0.03
1759,0.34,0.0,0.85,0.27,2.99,0.05
1760,0.5,0.0,0.78,0.34,3.13,0.08
1761,0.54,0.0,0.74,0.46,3.2,0.12
1762,0.61,0.0,0.78,0.59,3.27,0.17
1763,0.69,0.0,0.92,0.72,3.33,0.21
1764,0.57,0.0,0.92,0.81,3.14,0.24
1765,0.43,0.01,0.97,0.91,2.92,0.28
1766,0.22,0.14,0.93,1.08,2.69,0.35
1767,0.13,0.23,0.95,1.18,2.64,0.39
1768,0.09,0.28,0.94,1.27,2.63,0.42
1769,0.11,0.31,1.08,1.38,2.63,0.43
1770,0.16,0.27,1.2,1.48,2.62,0.4
1771,0.19,0.26,1.15,1.62,2.56,0.38
1772,0.34,0.11,1.0,1.66,2.65,0.39
1773,0.43,0.06,0.89,1.71,2.7,0.44
1774,0.43,0.09,0.96,1.72,2.67,0.46
1775,0.32,0.15,1.07,1.71,2.57,0.45
1776,0.2,0.27,0.99,1.61,2.59,0.43
1777,0.16,0.32,0.88,1.53,2.73,0.43
1778,0.11,0.46,0.68,1.57,2.8,0.49
1779,0.11,0.5,0.66,1.67,2.81,0.54
1780,0.15,0.48,0.65,1.74,2.83,0.58
1781,0.13,0.3,0.65,1.59,2.81,0.5
1782,0.1,0.14,0.55,1.5,2.7,0.41
1783,0.05,0.03,0.43,1.42,2.58,0.34
1784,0.03,0.08,0.4,1.41,2.54,0.32
1785,0.03,0.09,0.46,1.38,2.54,0.35
1786,0.02,0.09,0.46,1.32,2.61,0.4
1787,0.02,0.01,0.39,1.31,2.61,0.46
1788,0.1,0.06,0.33,1.16,2.72,0.52
1789,0.2,0.07,0.41,0.97,2.79,0.49
1790,0.3,0.08,0.49,0.81,2.9,0.47
1791,0.25,0.08,0.52,0.8,2.87,0.48
1792,0.21,0.14,0.51,0.87,2.85,0.55
1793,0.22,0.2,0.48,0.9,2.87,0.61
1794,0.37,0.29,0.48,0.89,3.03,0.57
1795,0.51,0.36,0.53,0.9,3.14,0.53
1796,0.59,0.41,0.62,0.86,3.16,0.47
1797,0.64,0.33,0.61,0.89,3.12,0.49
1798,0.57,0.34,0.53,0.89,2.99,0.51
1799,0.51,0.25,0.51,0.86,2.86,0.55
1800,0.28,0.18,0.56,0.79,2.67,0.58
1801,0.24,0.1,0.53,0.82,2.57,0.6
1802,0.16,0.11,0.45,0.89,2.53,0.6
1803,0.2,0.13,0.37,0.95,2.56,0.61
1804,0.18,0.13,0.36,0.98,2.63,0.67
1805,0.16,0.15,0.32,1.05,2.68,0.75
1806,0.18,0.4,0.28,1.23,2.67,0.77
1807,0.24,0.7,0.29,1.33,2.73,0.75
1808,0.27,0.95,0.31,1.44,2.76,0.75
1809,0.25,0.89,0.31,1.43,2.83,0.79
1810,0.2,0.81,0.3,1.43,2.81,0.82
1811,0.16,0.86,0.22,1.46,2.81,0.83
1812,0.19,0.82,0.17,1.51,2.93,0.84
1813,0.17,0.75,0.13,1.58,2.99,0.86
1814,0.14,0.71,0.15,1.59,3.06,0.89
1815,0.06,0.81,0.15,1.58,3.01,0.89
1816,0.01,0.92,0.14,1.56,3.02,0.9
1817,0.01,0.84,0.15,1.49,2.91,0.87
1818,0.05,0.8,0.2,1.33,2.81,0.84
1819,0.08,0.61,0.25,1.17,2.7,0.84
1820,0.11,0.53,0.32,1.09,2.71,0.87
1821,0.12,0.4,0.33,1.16,2.69,0.96
1822,0.11,0.46,0.28,1.18,2.71,0.9
1823,0.08,0.6,0.22,1.18,2.73,0.86
1824,0.05,0.59,0.11,1.18,2.71,0.8
1825,0.05,0.59,0.07,1.11,2.7,0.79
1826,0.08,0.45,0.0,1.15,2.68,0.86
1827,0.13,0.47,0.02,1.19,2.71,0.92
1828,0.15,0.47,0.02,1.29,2.73,1.0
1829,0.22,0.42,0.05,1.22,2.82,0.92
1830,0.21,0.32,0.04,1.21,2.93,0.84
1831,0.18,0.29,0.07,1.22,3.0,0.74
1832,0.11,0.35,0.1,1.31,3.01,0.69
1833,0.1,0.43,0.13,1.31,2.97,0.65
1834,0.16,0.52,0.18,1.21,3.0,0.62
1835,0.15,0.58,0.23,1.09,2.95,0.58
1836,0.12,0.63,0.18,0.93,2.98,0.53
1837,0.03,0.55,0.09,0.82,2.92,0.53
1838,0.01,0.42,0.0,0.78,2.95,0.56
1839,0.05,0.31,0.0,0.74,2.96,0.6
1840,0.11,0.28,0.02,0.8,3.03,0.57
1841,0.15,0.31,0.01,0.81,3.09,0.5
1842,0.19,0.24,0.1,0.98,3.13,0.51
1843,0.22,0.12,0.17,1.09,3.12,0.55
1844,0.23,0.02,0.17,1.27,3.19,0.68
1845,0.14,0.01,0.09,1.26,3.24,0.72
1846,0.05,0.0,0.0,1.22,3.29,0.74
1847,0.0,0.0,0.06,1.14,3.23,0.7
1848,0.0,0.05,0.09,1.09,3.2,0.66
1849,0.0,0.17,0.1,1.08,3.17,0.64
1850,0.0,0.25,0.06,1.11,3.16,0.64
1851,0.02,0.47,0.03,1.15,3.12,0.7
1852,0.04,0.55,0.04,1.21,3.09,0.79
1853,0.07,0.66,0.04,1.24,3.08,0.85
1854,0.09,0.48,0.15,1.17,3.04,0.76
1855,0.08,0.36,0.23,1.17,3.01,0.73
1856,0.09,0.27,0.33,1.15,3.01,0.68
1857,0.1,0.29,0.34,1.25,3.06,0.73
1858,0.14,0.34,0.33,1.29,3.09,0.73
1859,0.13,0.3,0.3,1.48,3.13,0.8
1860,0.17,0.45,0.29,1.57,3.19,0.81
1861,0.31,0.62,0.27,1.64,3.27,0.82
1862,0.47,0.86,0.24,1.56,3.33,0.78
1863,0.58,0.95,0.18,1.58,3.4,0.82
1864,0.54,0.95,0.19,1.67,3.31,0.86
1865,0.5,0.88,0.25,1.78,3.26,0.91
1866,0.46,0.64,0.32,1.79,3.11,0.88
1867,0.4,0.42,0.26,1.8,3.08,0.91
1868,0.33,0.26,0.14,1.75,3.05,0.92
1869,0.3,0.3,0.04,1.83,3.07,1.03
1870,0.25,0.39,0.06,1.79,3.0,1.02
1871,0.2,0.48,0.15,1.69,2.97,0.94
1872,0.09,0.38,0.24,1.56,2.86,0.82
1873,0.05,0.23,0.35,1.4,2.76,0.66
1874,0.01,0.1,0.39,1.31,2.58,0.58
1875,0.01,0.11,0.4,1.22,2.44,0.52
1876,0.0,0.2,0.44,1.27,2.5,0.6
1877,0.01,0.3,0.49,1.33,2.57,0.75
1878,0.03,0.34,0.48,1.26,2.7,0.68
1879,0.04,0.29,0.38,1.18,2.74,0.64
1880,0.03,0.18,0.29,1.14,2.76,0.62
1881,0.01,0.12,0.27,1.27,2.8,0.81
1882,0.0,0.14,0.24,1.38,2.78,0.88
1883,0.0,0.14,0.24,1.42,2.76,0.87
1884,0.0,0.15,0.22,1.31,2.57,0.83
1885,0.0,0.15,0.24,1.19,2.5,0.77
1886,0.0,0.17,0.21,1.15,2.42,0.74
1887,0.0,0.11,0.21,1.18,2.4,0.72
1888,0.0,0.06,0.19,1.21,2.32,0.74
1889,0.0,0.04,0.19,1.25,2.38,0.72
1890,0.03,0.04,0.25,1.31,2.56,0.79
1891,0.06,0.1,0.35,1.42,2.76,0.88
1892,0.09,0.09,0.44,1.43,2.83,0.94
1893,0.1,0.1,0.48,1.43,2.84,0.91
1894,0.09,0.03,0.51,1.52,2.85,0.88
1895,0.09,0.01,0.51,1.58,2.86,0.86
1896,0.07,0.0,0.49,1.65,2.77,0.9
1897,0.07,0.0,0.43,1.68,2.67,0.97
1898,0.06,0.0,0.43,1.62,2.62,0.98
1899,0.06,0.0,0.45,1.53,2.67,0.93
1900,0.03,0.0,0.48,1.41,2.69,0.85
1901,0.07,0.0,0.42,1.44,2.69,0.83
1902,0.08,0.03,0.25,1.52,2.64,0.92
1903,0.1,0.04,0.11,1.62,2.62,1.03
1904,0.09,0.04,0.06,1.67,2.54,1.15
1905,0.1,0.01,0.12,1.66,2.49,1.18
1906,0.07,0.0,0.19,1.66,2.43,1.1
1907,0.05,0.0,0.21,1.69,2.43,0.98
1908,0.01,0.0,0.25,1.54,2.45,0.77
1909,0.0,0.03,0.33,1.38,2.53,0.63
1910,0.0,0.07,0.37,1.2,2.61,0.54
1911,0.02,0.16,0.36,1.15,2.62,0.52
1912,0.05,0.23,0.32,1.08,2.6,0.53
1913,0.07,0.3,0.28,1.02,2.58,0.52
1914,0.07,0.24,0.28,1.19,2.68,0.57
1915,0.06,0.24,0.27,1.37,2.76,0.64
1916,0.04,0.24,0.25,1.51,2.84,0.68
1917,0.05,0.31,0.34,1.51,2.86,0.71
1918,0.05,0.35,0.44,1.49,2.91,0.71
1919,0.07,0.32,0.47,1.49,2.86,0.72
1920,0.04,0.39,0.35,1.36,2.92,0.63
1921,0.02,0.32,0.27,1.13,2.91,0.52
1922,0.0,0.26,0.3,0.99,2.96,0.47
1923,0.0,0.18,0.33,0.97,2.92,0.48
1924,0.0,0.22,0.33,0.99,2.97,0.47
1925,0.0,0.31,0.33,0.95,3.03,0.46
1926,0.0,0.31,0.28,0.85,3.06,0.46
1927,0.0,0.21,0.25,0.8,3.07,0.48
1928,0.01,0.14,0.24,0.76,3.06,0.52
1929,0.02,0.07,0.28,0.75,3.06,0.54
1930,0.02,0.06,0.33,0.71,3.03,0.54
1931,0.04,0.02,0.32,0.85,3.01,0.63
1932,0.09,0.04,0.29,0.97,2.97,0.8
1933,0.17,0.06,0.24,1.14,2.95,1.02
1934,0.2,0.04,0.26,1.09,2.92,1.07
1935,0.2,0.01,0.35,1.15,2.91,1.06
1936,0.19,0.0,0.43,1.14,2.87,0.98
1937,0.23,0.0,0.47,1.19,2.86,1.0
1938,0.19,0.0,0.37,1.12,2.89,0.88
1939,0.14,0.0,0.26,1.12,2.94,0.83
1940,0.05,0.0,0.1,1.11,2.94,0.74
1941,0.03,0.0,0.08,1.18,2.85,0.77
1942,0.02,0.0,0.04,1.22,2.75,0.8
1943,0.04,0.0,0.08,1.26,2.74,0.84
1944,0.07,0.04,0.06,1.25,2.73,0.89
1945,0.07,0.07,0.07,1.21,2.71,0.9
1946,0.07,0.07,0.11,1.15,2.7,0.9
1947,0.06,0.03,0.2,1.1,2.71,0.87
1948,0.06,0.01,0.24,1.08,2.71,0.86
1949,0.14,0.04,0.22,1.03,2.71,0.85
1950,0.14,0.07,0.26,1.02,2.7,0.81
1951,0.14,0.09,0.36,0.95,2.7,0.78
1952,0.04,0.07,0.45,0.89,2.65,0.76
1953,0.05,0.04,0.45,0.81,2.6,0.76
1954,0.03,0.01,0.42,0.78,2.53,0.72
1955,0.03,0.0,0.41,0.77,2.5,0.69
1956,0.03,0.0,0.28,0.85,2.62,0.7
1957,0.03,0.0,0.19,0.95,2.7,0.75
1958,0.09,0.0,0.09,1.07,2.83,0.8
1959,0.17,0.0,0.11,1.11,2.85,0.81
1960,0.33,0.0,0.12,1.15,2.99,0.8
1961,0.45,0.0,0.13,1.16,3.09,0.76
1962,0.35,0.0,0.11,1.17,3.05,0.73
1963,0.18,0.01,0.15,1.12,2.94,0.73
1964,0.01,0.02,0.19,1.05,2.81,0.74
1965,0.02,0.02,0.26,0.99,2.71,0.75
1966,0.04,0.03,0.25,0.99,2.62,0.77
1967,0.05,0.01,0.21,1.04,2.55,0.79
1968,0.04,0.0,0.12,1.18,2.54,0.83
1969,0.0,0.0,0.05,1.3,2.51,0.86
1970,0.0,0.0,0.0,1.36,2.52,0.86
1971,0.0,0.04,0.0,1.27,2.49,0.81
1972,0.0,0.07,0.0,1.22,2.47,0.79
1973,0.0,0.12,0.0,1.2,2.43,0.78
1974,0.06,0.07,0.0,1.15,2.45,0.83
1975,0.1,0.05,0.0,1.11,2.42,0.86
1976,0.19,0.0,0.01,1.03,2.5,0.83
1977,0.18,0.0,0.01,1.07,2.52,0.8
1978,0.17,0.0,0.01,1.1,2.56,0.78
1979,0.08,0.0,0.02,1.11,2.47,0.73
1980,0.03,0.0,0.05,1.04,2.47,0.62
1981,0.0,0.0,0.1,0.92,2.47,0.5
1982,0.0,0.0,0.08,0.86,2.52,0.46
1983,0.0,0.0,0.05,0.81,2.52,0.45
1984,0.0,0.0,0.07,0.76,2.5,0.4
1985,0.0,0.0,0.16,0.72,2.5,0.36
1986,0.02,0.0,0.2,0.71,2.54,0.37
1987,0.02,0.0,0.12,0.69,2.62,0.41
1988,0.02,0.0,0.04,0.69,2.63,0.47
1989,0.0,0.0,0.0,0.65,2.66,0.47
1990,0.0,0.0,0.0,0.64,2.68,0.48
1991,0.0,0.0,0.0,0.58,2.75,0.44
1992,0.0,0.05,0.0,0.57,2.73,0.45
1993,0.0,0.09,0.0,0.58,2.74,0.46
1994,0.0,0.17,0.0,0.59,2.72,0.47
1995,0.0,0.24,0.0,0.59,2.74,0.47
1996,0.02,0.33,0.0,0.6,2.79,0.46
1997,0.02,0.37,0.0,0.65,2.79,0.48
1998,0.02,0.35,0.0,0.68,2.8,0.47
1999,0.0,0.29,0.0,0.66,2.75,0.45
2000,0.04,0.23,0.0,0.66,2.75,0.44
2001,0.04,0.14,0.0,0.65,2.7,0.44
2002,0.04,0.07,0.0,0.63,2.71,0.42
2003,0.0,0.0,0.0,0.61,2.66,0.41
2004,0.01,0.02,0.03,0.57,2.69,0.34
2005,0.01,0.01,0.03,0.58,2.7,0.32
2006,0.01,0.05,0.03,0.54,2.72,0.26
2007,0.0,0.08,0.0,0.53,2.7,0.26
2008,0.0,0.14,0.0,0.47,2.7,0.22
2009,0.0,0.21,0.0,0.49,2.7,0.23
2010,0.01,0.17,0.02,0.46,2.72,0.22
2011,0.01,0.12,0.02,0.47,2.73,0.25
2012,0.04,0.0,0.03,0.48,2.73,0.27
2013,0.05,0.0,0.02,0.54,2.71,0.31
2014,0.07,0.01,0.03,0.51,2.7,0.27
2015,0.09,0.04,0.02,0.47,2.78,0.24
2016,0.07,0.09,0.04,0.56,2.78,0.29
2017,0.04,0.21,0.06,0.68,2.77,0.36
2018,0.0,0.19,0.06,0.83,2.68,0.41
2019,0.0,0.16,0.04,0.83,2.66,0.37
2020,0.0,0.06,0.0,0.85,2.65,0.36
2021,0.0,0.05,0.02,0.81,2.7,0.34
2022,0.02,0.03,0.07,0.72,2.65,0.32
2023,0.08,0.0,0.11,0.63,2.64,0.3
2024,0.13,0.0,0.12,0.52,2.62,0.24
2025,0.18,0.0,0.13,0.47,2.71,0.2
2026,0.14,0.03,0.15,0.45,2.76,0.2
2027,0.13,0.06,0.18,0.46,2.79,0.24
2028,0.07,0.15,0.18,0.55,2.72,0.33
2029,0.04,0.18,0.17,0.61,2.67,0.38
2030,0.0,0.21,0.2,0.65,2.65,0.43
2031,0.0,0.16,0.24,0.62,2.71,0.45
2032,0.0,0.11,0.27,0.58,2.71,0.45
2033,0.0,0.07,0.26,0.57,2.68,0.48
2034,0.0,0.08,0.23,0.61,2.59,0.44
2035,0.0,0.09,0.21,0.64,2.55,0.41
2036,0.0,0.1,0.19,0.68,2.52,0.38
2037,0.0,0.06,0.14,0.68,2.55,0.38
2038,0.0,0.06,0.08,0.69,2.54,0.39
2039,0.0,0.2,0.03,0.64,2.57,0.37
2040,0.0,0.2,0.02,0.56,2.56,0.3
2041,0.0,0.22,0.02,0.51,2.6,0.29
2042,0.0,0.15,0.0,0.49,2.62,0.28
2043,0.0,0.21,0.0,0.49,2.67,0.32
2044,0.0,0.32,0.0,0.51,2.67,0.33
2045,0.0,0.39,0.0,0.53,2.64,0.35
2046,0.0,0.4,0.01,0.69,2.58,0.47
2047,0.0,0.36,0.01,0.86,2.55,0.59
2048,0.0,0.34,0.02,1.04,2.54,0.72
2049,0.0,0.31,0.05,1.09,2.54,0.78
2050,0.0,0.28,0.09,1.1,2.54,0.81
2051,0.02,0.24,0.16,1.0,2.55,0.78
2052,0.02,0.24,0.19,0.9,2.69,0.75
2053,0.02,0.16,0.28,0.75,2.8,0.7
2054,0.0,0.14,0.31,0.7,2.95,0.68
2055,0.0,0.13,0.35,0.61,2.92,0.61
2056,0.0,0.18,0.33,0.59,2.92,0.59
2057,0.0,0.16,0.4,0.54,2.97,0.54
2058,0.0,0.23,0.31,0.65,2.98,0.6
2059,0.0,0.27,0.2,0.77,2.92,0.68
2060,0.0,0.34,0.09,0.91,2.86,0.78
2061,0.0,0.3,0.09,0.89,2.8,0.77
2062,0.0,0.28,0.1,0.83,2.8,0.7
2063,0.03,0.29,0.04,0.73,2.85,0.63
2064,0.03,0.39,0.01,0.62,2.96,0.51
2065,0.03,0.51,0.04,0.49,3.06,0.43
2066,0.0,0.56,0.04,0.38,3.04,0.33
2067,0.0,0.56,0.03,0.3,3.03,0.29
2068,0.0,0.59,0.0,0.23,3.03,0.23
2069,0.0,0.71,0.0,0.31,3.1,0.27
2070,0.0,0.53,0.0,0.37,2.99,0.33
2071,0.0,0.28,0.06,0.44,2.9,0.4
2072,0.0,0.0,0.06,0.42,2.73,0.42
2073,0.0,0.0,0.09,0.42,2.72,0.42
2074,0.05,0.0,0.09,0.42,2.77,0.38
2075,0.05,0.0,0.17,0.47,2.79,0.39
2076,0.05,0.0,0.21,0.5,2.79,0.4
2077,0.0,0.0,0.2,0.53,2.73,0.45
2078,0.0,0.0,0.15,0.54,2.7,0.47
2079,0.0,0.01,0.15,0.56,2.76,0.47
2080,0.0,0.01,0.16,0.61,2.82,0.49
2081,0.0,0.03,0.17,0.62,2.89,0.5
2082,0.0,0.03,0.11,0.67,2.88,0.56
2083,0.0,0.02,0.05,0.69,2.83,0.59
2084,0.0,0.0,0.0,0.72,2.8,0.63
2085,0.0,0.0,0.0,0.69,2.8,0.62
2086,0.0,0.0,0.0,0.68,2.86,0.63
2087,0.0,0.0,0.0,0.64,2.86,0.59
2088,0.03,0.0,0.0,0.65,2.83,0.6
2089,0.06,0.0,0.0,0.64,2.79,0.59
2090,0.1,0.0,0.0,0.68,2.79,0.62
2091,0.07,0.02,0.0,0.68,2.78,0.63
2092,0.03,0.06,0.0,0.7,2.78,0.66
2093,0.0,0.09,0.0,0.71,2.78,0.69
2094,0.02,0.08,0.0,0.73,2.77,0.64
2095,0.03,0.04,0.02,0.74,2.71,0.58
2096,0.03,0.0,0.03,0.8,2.63,0.55
2097,0.01,0.0,0.06,0.85,2.59,0.58
2098,0.0,0.0,0.07,0.87,2.57,0.6
2099,0.0,0.0,0.05,0.84,2.55,0.59
2100,0.0,0.0,0.1,0.78,2.53,0.5
2101,0.0,0.0,0.14,0.75,2.57,0.44
2102,0.0,0.0,0.21,0.74,2.66,0.37
2103,0.0,0.0,0.23,0.8,2.75,0.41
2104,0.0,0.0,0.19,0.74,2.78,0.38
2105,0.0,0.0,0.15,0.68,2.79,0.36
2106,0.0,0.0,0.06,0.72,2.7,0.43
2107,0.0,0.0,0.03,0.8,2.6,0.53
2108,0.0,0.0,0.0,0.88,2.51,0.63
2109,0.0,0.0,0.0,0.87,2.52,0.67
2110,0.0,0.0,0.0,0.91,2.55,0.72
2111,0.0,0.0,0.0,0.9,2.6,0.72
2112,0.0,0.06,0.0,0.9,2.61,0.69
2113,0.0,0.06,0.0,0.85,2.69,0.64
2114,0.0,0.06,0.0,0.84,2.72,0.63
2115,0.0,0.0,0.0,0.83,2.76,0.63
2116,0.0,0.0,0.0,0.84,2.67,0.65
2117,0.0,0.0,0.0,0.85,2.63,0.66
2118,0.0,0.0,0.02,0.83,2.69,0.64
2119,0.0,0.0,0.12,0.83,2.88,0.63
2120,0.0,0.0,0.16,0.78,3.09,0.59
2121,0.0,0.0,0.18,0.75,3.14,0.57
2122,0.0,0.0,0.14,0.72,3.11,0.52
2123,0.0,0.0,0.18,0.72,3.04,0.5
2124,0.0,0.01,0.15,0.87,2.93,0.6
2125,0.0,0.02,0.13,1.01,2.84,0.71
2126,0.0,0.05,0.14,1.09,2.8,0.79
2127,0.0,0.06,0.23,1.02,2.86,0.76
2128,0.0,0.07,0.29,0.95,2.91,0.74
2129,0.0,0.09,0.23,0.89,2.85,0.7
2130,0.0,0.14,0.13,0.86,2.77,0.65
2131,0.0,0.2,0.1,0.74,2.65,0.56
2132,0.0,0.18,0.11,0.65,2.6,0.48
2133,0.0,0.18,0.14,0.53,2.58,0.43
2134,0.0,0.13,0.08,0.5,2.53,0.42
2135,0.0,0.13,0.03,0.49,2.5,0.43
2136,0.0,0.05,0.0,0.54,2.57,0.46
2137,0.0,0.1,0.0,0.58,2.66,0.49
2138,0.0,0.14,0.0,0.65,2.81,0.53
2139,0.0,0.21,0.01,0.68,2.82,0.55
2140,0.0,0.23,0.02,0.7,2.87,0.56
2141,0.0,0.17,0.02,0.67,2.82,0.55
2142,0.0,0.09,0.02,0.64,2.73,0.5
2143,0.0,0.02,0.02,0.6,2.64,0.45
2144,0.0,0.0,0.04,0.6,2.58,0.42
2145,0.0,0.0,0.06,0.63,2.56,0.45
2146,0.0,0.0,0.09,0.71,2.54,0.51
2147,0.0,0.0,0.09,0.76,2.57,0.56
2148,0.0,0.09,0.17,0.8,2.6,0.64
2149,0.0,0.26,0.21,0.76,2.64,0.67
2150,0.0,0.4,0.28,0.73,2.65,0.7
2151,0.0,0.47,0.27,0.68,2.71,0.67
2152,0.0,0.4,0.27,0.68,2.75,0.66
2153,0.0,0.38,0.27,0.65,2.79,0.63
2154,0.0,0.22,0.22,0.56,2.81,0.55
2155,0.0,0.12,0.17,0.48,2.82,0.48
2156,0.0,0.0,0.11,0.43,2.81,0.43
2157,0.0,0.0,0.07,0.43,2.76,0.43
2158,0.0,0.0,0.05,0.41,2.71,0.41
2159,0.0,0.0,0.07,0.36,2.67,0.36
2160,0.0,0.06,0.07,0.35,2.73,0.34
2161,0.0,0.1,0.06,0.37,2.81,0.35
2162,0.0,0.14,0.0,0.45,2.87,0.39
2163,0.0,0.14,0.0,0.54,2.87,0.45
2164,0.0,0.19,0.04,0.58,2.86,0.49
2165,0.0,0.22,0.07,0.54,2.88,0.48
2166,0.07,0.15,0.07,0.47,2.95,0.45
2167,0.09,0.07,0.02,0.46,2.96,0.46
2168,0.1,0.0,0.0,0.48,2.94,0.48
2169,0.03,0.0,0.0,0.46,2.85,0.46
2170,0.01,0.0,0.0,0.43,2.82,0.43
2171,0.0,0.0,0.02,0.4,2.79,0.45
2172,0.0,0.0,0.02,0.43,2.78,0.47
2173,0.0,0.0,0.02,0.46,2.78,0.49
2174,0.0,0.0,0.0,0.51,2.74,0.49
2175,0.0,0.0,0.0,0.56,2.73,0.55
2176,0.0,0.0,0.0,0.59,2.72,0.59
2177,0.11,0.0,0.0,0.62,2.92,0.62
2178,0.11,0.0,0.0,0.63,2.98,0.66
2179,0.11,0.0,0.0,0.63,3.0,0.76
2180,0.03,0.0,0.0,0.63,2.94,0.83
2181,0.03,0.0,0.0,0.62,2.95,0.84
2182,0.03,0.0,0.0,0.65,2.9,0.84
2183,0.0,0.0,0.0,0.64,2.78,0.79
2184,0.0,0.0,0.0,0.79,2.76,0.77
2185,0.0,0.0,0.0,0.94,2.83,0.73
2186,0.0,0.0,0.0,1.11,2.88,0.82
2187,0.0,0.0,0.0,1.15,2.87,0.87
2188,0.0,0.0,0.0,1.19,2.84,0.92
2189,0.0,0.0,0.0,1.11,2.83,0.89
2190,0.16,0.0,0.0,0.93,2.96,0.78
2191,0.4,0.0,0.0,0.75,3.18,0.63
2192,0.64,0.0,0.0,0.66,3.43,0.5
2193,0.71,0.0,0.0,0.69,3.55,0.49
2194,0.55,0.0,0.0,0.7,3.41,0.51
2195,0.4,0.0,0.0,0.7,3.24,0.52
2196,0.25,0.0,0.0,0.67,3.04,0.53
2197,0.2,0.0,0.0,0.63,2.96,0.52
2198,0.14,0.0,0.0,0.57,2.86,0.49
2199,0.07,0.0,0.0,0.45,2.77,0.41
2200,0.03,0.0,0.0,0.39,2.7,0.37
2201,0.0,0.0,0.04,0.36,2.67,0.36
2202,0.0,0.0,0.04,0.54,2.64,0.46
2203,0.0,0.0,0.04,0.69,2.63,0.53
2204,0.0,0.0,0.0,0.86,2.55,0.63
2205,0.0,0.0,0.0,0.81,2.57,0.61
2206,0.0,0.0,0.0,0.76,2.58,0.6
2207,0.0,0.0,0.0,0.77,2.65,0.61
2208,0.05,0.0,0.0,0.81,2.75,0.59
2209,0.12,0.0,0.01,0.88,2.85,0.57
2210,0.15,0.0,0.03,0.9,2.89,0.52
2211,0.11,0.0,0.02,0.93,2.84,0.54
2212,0.04,0.0,0.01,0.96,2.78,0.57
2213,0.01,0.0,0.0,0.96,2.75,0.58
2214,0.18,0.0,0.12,0.95,3.06,0.66
2215,0.36,0.0,0.25,0.88,3.35,0.69
2216,0.42,0.0,0.32,0.81,3.57,0.75
2217,0.3,0.0,0.27,0.77,3.46,0.71
2218,0.17,0.0,0.21,0.78,3.35,0.72
2219,0.17,0.0,0.23,0.78,3.37,0.82
2220,0.27,0.0,0.16,0.73,3.43,0.84
2221,0.31,0.0,0.09,0.68,3.35,0.87
2222,0.31,0.0,0.0,0.62,3.22,0.75
2223,0.28,0.0,0.0,0.6,3.16,0.74
2224,0.22,0.0,0.0,0.62,3.15,0.77
2225,0.2,0.0,0.0,0.62,3.17,0.79
2226,0.26,0.0,0.02,0.66,3.25,0.83
2227,0.34,0.0,0.02,0.66,3.36,0.81
2228,0.48,0.0,0.02,0.71,3.5,0.86
2229,0.36,0.0,0.01,0.64,3.4,0.81
2230,0.36,0.0,0.01,0.61,3.39,0.77
2231,0.32,0.02,0.08,0.54,3.42,0.67
2232,0.43,0.02,0.07,0.56,3.52,0.64
2233,0.56,0.02,0.07,0.62,3.64,0.64
2234,0.61,0.0,0.0,0.71,3.63,0.69
2235,0.58,0.0,0.0,0.75,3.59,0.72
2236,0.51,0.0,0.04,0.73,3.55,0.7
2237,0.42,0.0,0.09,0.67,3.44,0.66
2238,0.32,0.0,0.09,0.64,3.45,0.62
2239,0.2,0.02,0.04,0.61,3.37,0.61
2240,0.21,0.06,0.0,0.62,3.48,0.62
2241,0.29,0.08,0.0,0.59,3.53,0.63
2242,0.38,0.07,0.0,0.59,3.63,0.67
2243,0.39,0.05,0.0,0.56,3.63,0.69
2244,0.27,0.04,0.0,0.81,3.44,0.86
2245,0.15,0.02,0.0,1.04,3.33,0.97
2246,0.06,0.0,0.0,1.28,3.21,1.1
2247,0.1,0.0,0.0,1.3,3.33,1.12
2248,0.14,0.0,0.0,1.36,3.39,1.16
2249,0.09,0.0,0.0,1.32,3.38,1.12
2250,0.08,0.0,0.0,1.15,3.32,0.94
2251,0.05,0.0,0.0,0.98,3.2,0.81
2252,0.05,0.0,0.0,0.99,3.08,0.77
2253,0.0,0.0,0.0,1.09,2.95,0.84
2254,0.0,0.0,0.0,1.19,2.92,0.89
2255,0.0,0.0,0.0,1.23,2.89,0.89
2256,0.0,0.0,0.0,1.06,2.93,0.79
2257,0.0,0.0,0.0,0.87,2.92,0.65
2258,0.0,0.0,0.0,0.78,2.9,0.67
2259,0.0,0.0,0.0,0.91,2.85,0.79
2260,0.0,0.0,0.0,1.04,2.83,0.91
2261,0.0,0.0,0.0,1.06,2.85,0.92
2262,0.0,0.0,0.0,0.99,2.85,0.84
2263,0.09,0.0,0.0,0.88,2.88,0.73
2264,0.14,0.0,0.0,0.74,2.91,0.62
2265,0.21,0.0,0.04,0.69,2.99,0.58
2266,0.23,0.02,0.09,0.63,3.09,0.56
2267,0.29,0.05,0.14,0.59,3.18,0.53
2268,0.51,0.05,0.16,0.61,3.48,0.55
2269,0.58,0.02,0.15,0.54,3.56,0.49
2270,0.65,0.0,0.11,0.5,3.65,0.48
2271,0.58,0.0,0.09,0.46,3.57,0.48
2272,0.64,0.0,0.08,0.5,3.68,0.52
2273,0.7,0.0,0.09,0.54,3.76,0.54
2274,0.7,0.0,0.04,0.55,3.79,0.47
2275,0.67,0.0,0.01,0.56,3.74,0.4
2276,0.65,0.0,0.0,0.55,3.71,0.3
2277,0.63,0.0,0.0,0.66,3.68,0.39
2278,0.59,0.0,0.0,0.72,3.66,0.41
2279,0.6,0.0,0.0,0.78,3.67,0.49
2280,0.56,0.0,0.0,0.61,3.62,0.39
2281,0.63,0.0,0.0,0.45,3.69,0.35
2282,0.64,0.0,0.0,0.3,3.73,0.27
2283,0.71,0.0,0.0,0.23,3.81,0.23
2284,0.56,0.0,0.02,0.2,3.63,0.19
2285,0.44,0.0,0.04,0.16,3.53,0.14
2286,0.27,0.0,0.08,0.22,3.36,0.19
2287,0.27,0.0,0.11,0.37,3.39,0.31
2288,0.24,0.0,0.11,0.49,3.32,0.39
2289,0.3,0.0,0.19,0.46,3.4,0.35
2290,0.31,0.0,0.22,0.35,3.4,0.28
2291,0.22,0.0,0.26,0.27,3.24,0.22
2292,0.22,0.02,0.3,0.24,3.12,0.17
2293,0.25,0.04,0.32,0.21,3.06,0.11
2294,0.25,0.06,0.43,0.16,3.09,0.08
2295,0.13,0.08,0.44,0.14,3.03,0.1
2296,0.01,0.11,0.46,0.12,2.97,0.12
2297,0.11,0.11,0.52,0.15,3.07,0.17
2298,0.14,0.07,0.57,0.27,3.13,0.34
2299,0.13,0.03,0.6,0.37,3.08,0.46
2300,0.02,0.0,0.56,0.45,2.99,0.54
2301,0.0,0.0,0.61,0.45,2.92,0.5
2302,0.0,0.0,0.74,0.51,2.87,0.46
2303,0.0,0.0,0.89,0.6,2.8,0.55
2304,0.04,0.0,0.87,0.63,2.78,0.58
2305,0.13,0.0,0.87,0.58,2.9,0.59
2306,0.14,0.0,0.72,0.47,2.81,0.45
2307,0.11,0.0,0.65,0.41,2.71,0.38
2308,0.06,0.0,0.6,0.36,2.58,0.36
2309,0.15,0.0,0.58,0.35,2.71,0.37
2310,0.13,0.0,0.62,0.38,2.76,0.4
2311,0.1,0.0,0.7,0.46,2.74,0.39
2312,0.05,0.0,0.73,0.52,2.73,0.36
2313,0.09,0.0,0.73,0.55,2.73,0.33
2314,0.09,0.0,0.71,0.58,2.77,0.42
2315,0.04,0.0,0.77,0.61,2.72,0.51
2316,0.0,0.0,0.78,0.52,2.74,0.41
2317,0.0,0.0,0.73,0.43,2.74,0.26
2318,0.0,0.0,0.7,0.33,2.75,0.1
2319,0.03,0.0,0.67,0.36,2.8,0.13
2320,0.1,0.0,0.62,0.36,2.92,0.14
2321,0.15,0.0,0.55,0.37,2.99,0.16
2322,0.12,0.0,0.57,0.4,2.99,0.19
2323,0.05,0.0,0.54,0.46,2.96,0.23
2324,0.04,0.0,0.6,0.56,2.99,0.35
2325,0.06,0.0,0.68,0.62,2.94,0.44
2326,0.07,0.0,0.81,0.66,2.92,0.52
2327,0.03,0.0,0.79,0.67,2.91,0.48
2328,0.19,0.0,0.71,0.63,3.12,0.47
2329,0.31,0.0,0.61,0.56,3.28,0.43
2330,0.48,0.0,0.58,0.47,3.45,0.42
2331,0.49,0.0,0.49,0.45,3.42,0.35
2332,0.5,0.0,0.44,0.47,3.34,0.32
2333,0.5,0.0,0.38,0.5,3.28,0.32
2334,0.43,0.0,0.39,0.39,3.3,0.36
2335,0.37,0.0,0.42,0.3,3.37,0.43
2336,0.27,0.0,0.44,0.2,3.35,0.48
2337,0.26,0.0,0.45,0.23,3.32,0.52
2338,0.28,0.0,0.45,0.23,3.35,0.5
2339,0.2,0.0,0.54,0.19,3.32,0.47
2340,0.11,0.0,0.61,0.14,3.21,0.39
2341,0.0,0.0,0.66,0.1,3.09,0.34
2342,0.0,0.0,0.6,0.1,3.06,0.3
2343,0.0,0.0,0.55,0.11,3.09,0.33
2344,0.0,0.0,0.54,0.1,3.01,0.25
2345,0.0,0.0,0.55,0.1,2.92,0.17
2346,0.0,0.0,0.73,0.07,2.88,0.05
2347,0.05,0.0,0.92,0.09,2.9,0.04
2348,0.1,0.0,1.14,0.1,2.92,0.03
2349,0.13,0.0,1.07,0.15,2.86,0.08
2350,0.14,0.0,0.97,0.18,2.88,0.1
2351,0.2,0.0,0.88,0.21,2.96,0.12
2352,0.16,0.0,1.0,0.13,2.97,0.12
2353,0.11,0.0,1.17,0.06,2.93,0.11
2354,0.0,0.0,1.31,0.0,2.84,0.12
2355,0.0,0.0,1.36,0.0,2.85,0.11
2356,0.0,0.0,1.37,0.0,2.9,0.14
2357,0.0,0.0,1.36,0.0,2.89,0.16
2358,0.0,0.0,1.35,0.07,2.87,0.19
2359,0.0,0.01,1.28,0.12,2.8,0.18
2360,0.0,0.05,1.18,0.2,2.79,0.22
2361,0.0,0.05,1.13,0.21,2.76,0.29
2362,0.0,0.04,1.16,0.22,2.72,0.35
2363,0.0,0.0,1.2,0.21,2.65,0.36
2364,0.02,0.06,1.28,0.18,2.71,0.29
2365,0.02,0.11,1.34,0.2,2.81,0.3
2366,0.02,0.14,1.36,0.16,2.88,0.24
2367,0.0,0.12,1.33,0.16,2.85,0.24
2368,0.0,0.11,1.3,0.13,2.82,0.2
2369,0.03,0.17,1.29,0.14,2.84,0.21
2370,0.03,0.2,1.18,0.27,2.91,0.34
2371,0.03,0.22,1.15,0.39,2.98,0.44
2372,0.0,0.26,1.02,0.45,3.02,0.45
2373,0.0,0.3,0.98,0.37,3.0,0.33
2374,0.0,0.27,0.96,0.3,2.94,0.23
2375,0.0,0.19,1.06,0.29,2.92,0.22
2376,0.0,0.1,1.09,0.2,2.92,0.14
2377,0.0,0.07,1.07,0.1,2.96,0.08
2378,0.0,0.03,1.06,0.0,3.03,0.0
2379,0.0,0.01,1.14,0.0,3.07,0.0
2380,0.0,0.0,1.17,0.0,3.1,0.0
2381,0.04,0.0,1.21,0.0,3.07,0.0
2382,0.03,0.03,1.15,0.04,3.0,0.04
2383,0.03,0.06,1.11,0.07,2.9,0.07
2384,0.09,0.1,1.09,0.16,2.93,0.18
2385,0.18,0.1,1.11,0.19,3.01,0.23
2386,0.18,0.15,1.17,0.25,3.08,0.36
2387,0.12,0.22,1.2,0.24,3.12,0.39
2388,0.12,0.27,1.46,0.24,3.12,0.35
2389,0.21,0.24,1.63,0.2,3.07,0.29
2390,0.25,0.19,1.81,0.17,2.95,0.23
2391,0.16,0.16,1.72,0.17,2.79,0.28
2392,0.07,0.17,1.7,0.17,2.73,0.27
2393,0.0,0.16,1.66,0.19,2.66,0.29
2394,0.01,0.18,1.44,0.22,2.85,0.29
2395,0.02,0.21,1.24,0.27,2.97,0.34
2396,0.01,0.26,1.06,0.3,3.11,0.36
2397,0.01,0.24,1.16,0.34,3.02,0.46
2398,0.0,0.21,1.33,0.24,3.02,0.41
2399,0.0,0.14,1.42,0.14,2.97,0.33
2400,0.0,0.08,1.32,0.05,2.97,0.18
2401,0.01,0.03,1.14,0.14,2.92,0.25
2402,0.1,0.0,0.99,0.22,3.0,0.34
2403,0.17,0.0,0.99,0.27,3.04,0.46
2404,0.2,0.0,0.96,0.27,3.03,0.43
2405,0.17,0.0,0.94,0.26,2.94,0.37
2406,0.09,0.02,0.79,0.27,2.75,0.39
2407,0.07,0.08,0.62,0.33,2.66,0.46
2408,0.05,0.12,0.53,0.39,2.57,0.54
2409,0.05,0.16,0.62,0.36,2.64,0.46
2410,0.03,0.15,0.77,0.33,2.67,0.42
2411,0.0,0.16,0.8,0.24,2.67,0.4
2412,0.0,0.1,0.85,0.37,2.7,0.44
2413,0.0,0.06,0.86,0.5,2.77,0.47
2414,0.0,0.0,0.88,0.62,2.88,0.42
2415,0.0,0.0,0.8,0.61,2.92,0.42
2416,0.0,0.0,0.79,0.57,2.96,0.4
2417,0.0,0.0,0.85,0.56,2.88,0.4
2418,0.0,0.0,0.99,0.57,2.79,0.41
2419,0.0,0.0,1.18,0.54,2.66,0.38
2420,0.0,0.0,1.32,0.56,2.64,0.39
2421,0.0,0.0,1.39,0.55,2.62,0.38
2422,0.04,0.0,1.4,0.53,2.68,0.39
2423,0.04,0.0,1.35,0.5,2.65,0.37
2424,0.16,0.0,1.27,0.44,2.71,0.32
2425,0.19,0.0,1.18,0.4,2.65,0.27
2426,0.23,0.0,1.09,0.34,2.64,0.22
2427,0.18,0.0,1.07,0.3,2.6,0.18
2428,0.17,0.0,1.03,0.29,2.61,0.16
2429,0.17,0.0,1.07,0.3,2.55,0.17
2430,0.2,0.0,0.98,0.38,2.65,0.23
2431,0.18,0.0,0.87,0.44,2.68,0.27
2432,0.2,0.0,0.75,0.52,2.82,0.37
2433,0.23,0.0,0.75,0.53,2.83,0.4
2434,0.33,0.0,0.88,0.58,2.98,0.46
2435,0.4,0.0,1.04,0.56,3.08,0.41
2436,0.27,0.0,1.13,0.56,3.0,0.41
2437,0.12,0.0,1.1,0.57,2.84,0.42
2438,0.0,0.0,1.03,0.58,2.75,0.44
2439,0.0,0.0,1.09,0.54,2.77,0.46
2440,0.0,0.0,1.13,0.51,2.81,0.48
2441,0.0,0.0,1.2,0.47,2.81,0.51
2442,0.03,0.0,1.18,0.47,2.92,0.57
2443,0.03,0.0,1.1,0.43,2.94,0.52
2444,0.03,0.0,1.05,0.35,2.97,0.43
2445,0.0,0.0,1.06,0.28,2.88,0.31
2446,0.0,0.0,1.09,0.25,2.85,0.27
2447,0.0,0.0,1.02,0.23,2.88,0.26
2448,0.0,0.06,1.11,0.26,2.84,0.28
2449,0.0,0.13,1.22,0.28,2.84,0.31
2450,0.0,0.2,1.35,0.29,2.82,0.32
2451,0.0,0.18,1.28,0.26,2.86,0.37
2452,0.0,0.14,1.24,0.25,2.86,0.44
2453,0.0,0.09,1.21,0.24,2.83,0.53
2454,0.0,0.05,1.17,0.16,2.79,0.43
2455,0.0,0.0,1.04,0.0,2.73,0.24
