frame, face_id, timestamp, confidence, success, AU01_r, AU02_r, AU04_r, AU05_r, AU06_r, AU07_r, AU09_r, AU10_r, AU12_r, AU14_r, AU15_r, AU17_r, AU20_r, AU23_r, AU25_r, AU26_r, AU45_r, AU01_c, AU02_c, AU04_c, AU05_c, AU06_c, AU07_c, AU09_c, AU10_c, AU12_c, AU14_c, AU15_c, AU17_c, AU20_c, AU23_c, AU25_c, AU26_c, AU28_c, AU45_c
1,  0,  0.000,  0.98,  1, 0.86, 0.00, 0.55, 0.00, 0.00, 0.99, 0.00, 0.00, 0.00, 0.00, 0.00, 0.23, 0.20, 0.14, 0.00, 0.22, 1.70, 0.00, 0.00, 1.00, 1.00, 0.00, 0.00, 0.00, 0.00, 0.00, 0.00, 0.00, 0.00, 0.00, 1.00, 0.00, 0.00, 0.00, 1.00
2,  0,  0.033,  0.98,  1, 0.77, 0.00, 0.58, 0.00, 0.00, 0.41, 0.00, 0.00, 0.00, 0.00, 0.13, 0.61, 0.12, 0.05, 0.00, 0.40, 1.99, 0.00, 0.00, 1.00, 1.00, 0.00, 0.00, 0.00, 0.00, 0.00, 0.00, 0.00, 1.00, 0.00, 1.00, 0.00, 0.00, 0.00, 1.00
3,  0,  0.067,  0.98,  1, 0.65, 0.00, 0.58, 0.00, 0.00, 0.09, 0.00, 0.00, 0.00, 0.00, 0.19, 0.74, 0.05, 0.00, 0.00, 0.46, 1.84, 0.00, 0.00, 1.00, 1.00, 0.00, 0.00, 0.00, 0.00, 0.00, 0.00, 0.00, 1.00, 0.00, 1.00, 0.00, 0.00, 0.00, 1.00
4,  0,  0.100,  0.98,  1, 0.56, 0.00, 0.54, 0.00, 0.00, 0.00, 0.00, 0.00, 0.00, 0.00, 0.18, 0.70, 0.02, 0.00, 0.00, 0.40, 1.45, 0.00, 0.00, 0.00, 1.00, 0.00, 0.00, 0.00, 0.00, 0.00, 0.00, 0.00, 1.00, 0.00, 1.00, 0.00, 0.00, 0.00, 1.00
5,  0,  0.133,  0.98,  1, 0.41, 0.00, 0.46, 0.00, 0.00, 0.00, 0.00, 0.00, 0.00, 0.00, 0.10, 0.70, 0.00, 0.04, 0.00, 0.33, 1.04, 0.00, 0.00, 0.00, 1.00, 0.00, 0.00, 0.00, 0.00, 0.00, 0.00, 0.00, 1.00, 0.00, 1.00, 0.00, 0.00, 0.00, 1.00
6,  0,  0.167,  0.98,  1, 0.31, 0.00, 0.45, 0.00, 0.00, 0.00, 0.00, 0.00, 0.00, 0.00, 0.03, 0.74, 0.03, 0.06, 0.00, 0.30, 0.87, 0.00, 0.00, 0.00, 1.00, 0.00, 0.00, 0.00, 0.00, 0.00, 0.00, 0.00, 1.00, 0.00, 1.00, 0.00, 0.00, 0.00, 1.00
7,  0,  0.200,  0.98,  1, 0.26, 0.02, 0.37, 0.00, 0.00, 0.01, 0.00, 0.00, 0.00, 0.00, 0.00, 0.59, 0.03, 0.06, 0.00, 0.17, 0.69, 0.00, 0.00, 0.00, 1.00, 0.00, 0.00, 0.00, 0.00, 0.00, 0.00, 0.00, 0.00, 0.00, 1.00, 0.00, 0.00, 0.00, 1.00
8,  0,  0.233,  0.98,  1, 0.30, 0.07, 0.32, 0.00, 0.00, 0.01, 0.00, 0.00, 0.00, 0.00, 0.00, 0.37, 0.03, 0.02, 0.00, 0.10, 0.64, 0.00, 0.00, 0.00, 1.00, 0.00, 0.00, 0.00, 0.00, 0.00, 0.00, 0.00, 0.00, 0.00, 0.00, 0.00, 0.00, 0.00, 1.00
9,  0,  0.267,  0.98,  1, 0.35, 0.07, 0.21, 0.00, 0.00, 0.01, 0.00, 0.00, 0.00, 0.00, 0.00, 0.15, 0.01, 0.00, 0.00, 0.01, 0.64, 0.00, 0.00, 0.00, 1.00, 0.00, 0.00, 0.00, 0.00, 0.00, 0.00, 0.00, 0.00, 0.00, 0.00, 0.00, 0.00, 0.00, 1.00
10,  0,  0.300,  0.98,  1, 0.33, 0.05, 0.18, 0.00, 0.00, 0.06, 0.00, 0.00, 0.00, 0.00, 0.00, 0.12, 0.01, 0.00, 0.00, 0.00, 0.65, 0.00, 0.00, 0.00, 1.00, 0.00, 0.00, 0.00, 0.00, 0.00, 0.00, 0.00, 0.00, 0.00, 0.00, 0.00, 0.00, 0.00, 1.00
11,  0,  0.333,  0.98,  1, 0.36, 0.03, 0.18, 0.01, 0.00, 0.06, 0.00, 0.00, 0.00, 0.00, 0.00, 0.12, 0.00, 0.00, 0.02, 0.00, 0.58, 0.00, 0.00, 0.00, 1.00, 0.00, 0.00, 0.00, 0.00, 0.00, 0.00, 0.00, 0.00, 0.00, 0.00, 0.00, 0.00, 0.00, 1.00
12,  0,  0.367,  0.98,  1, 0.36, 0.03, 0.14, 0.01, 0.00, 0.06, 0.00, 0.00, 0.00, 0.00, 0.00, 0.20, 0.00, 0.00, 0.02, 0.00, 0.59, 0.00, 0.00, 0.00, 1.00, 0.00, 0.00, 0.00, 0.00, 0.00, 0.00, 0.00, 0.00, 0.00, 0.00, 0.00, 0.00, 0.00, 0.00
13,  0,  0.400,  0.98,  1, 0.40, 0.05, 0.11, 0.01, 0.00, 0.00, 0.00, 0.00, 0.00, 0.00, 0.00, 0.27, 0.02, 0.00, 0.02, 0.02, 0.55, 0.00, 0.00, 0.00, 1.00, 0.00, 0.00, 0.00, 0.00, 0.00, 0.00, 0.00, 0.00, 0.00, 0.00, 0.00, 0.00, 0.00, 0.00
14,  0,  0.433,  0.98,  1, 0.40, 0.06, 0.05, 0.00, 0.00, 0.00, 0.00, 0.00, 0.00, 0.00, 0.00, 0.36, 0.02, 0.00, 0.00, 0.02, 0.60, 0.00, 0.00, 0.00, 1.00, 0.00, 0.00, 0.00, 0.00, 0.00, 0.00, 0.00, 0.00, 0.00, 0.00, 0.00, 0.00, 0.00, 0.00
15,  0,  0.467,  0.98,  1, 0.40, 0.10, 0.13, 0.00, 0.00, 0.00, 0.00, 0.00, 0.00, 0.00, 0.00, 0.35, 0.01, 0.00, 0.00, 0.09, 0.46, 0.00, 0.00, 0.00, 1.00, 0.00, 0.00, 0.00, 0.00, 0.00, 0.00, 0.00, 0.00, 0.00, 0.00, 0.00, 0.00, 0.00, 0.00
16,  0,  0.500,  0.98,  1, 0.33, 0.08, 0.20, 0.00, 0.00, 0.01, 0.00, 0.00, 0.00, 0.00, 0.00, 0.30, 0.00, 0.04, 0.00, 0.16, 0.29, 0.00, 0.00, 0.00, 1.00, 0.00, 0.00, 0.00, 0.00, 0.00, 0.00, 0.00, 0.00, 0.00, 0.00, 0.00, 0.00, 0.00, 0.00
17,  0,  0.533,  0.98,  1, 0.30, 0.07, 0.25, 0.00, 0.00, 0.01, 0.00, 0.00, 0.00, 0.00, 0.00, 0.31, 0.00, 0.07, 0.00, 0.26, 0.11, 0.00, 0.00, 0.00, 1.00, 0.00, 0.00, 0.00, 0.00, 0.00, 0.00, 0.00, 0.00, 0.00, 0.00, 0.00, 0.00, 0.00, 0.00
18,  0,  0.567,  0.98,  1, 0.25, 0.03, 0.26, 0.00, 0.00, 0.04, 0.00, 0.00, 0.00, 0.00, 0.00, 0.32, 0.00, 0.07, 0.00, 0.25, 0.02, 0.00, 0.00, 0.00, 1.00, 0.00, 0.00, 0.00, 0.00, 0.00, 0.00, 0.00, 0.00, 0.00, 0.00, 0.00, 0.00, 0.00, 0.00
19,  0,  0.600,  0.98,  1, 0.19, 0.07, 0.18, 0.00, 0.00, 0.03, 0.00, 0.00, 0.00, 0.00, 0.00, 0.26, 0.00, 0.05, 0.00, 0.19, 0.02, 0.00, 0.00, 0.00, 1.00, 0.00, 0.00, 0.00, 0.00, 0.00, 0.00, 0.00, 0.00, 0.00, 0.00, 0.00, 0.00, 0.00, 0.00
20,  0,  0.633,  0.98,  1, 0.14, 0.08, 0.12, 0.00, 0.00, 0.03, 0.00, 0.00, 0.00, 0.00, 0.00, 0.20, 0.00, 0.03, 0.00, 0.12, 0.00, 0.00, 0.00, 0.00, 1.00, 0.00, 0.00, 0.00, 0.00, 0.00, 0.00, 0.00, 0.00, 0.00, 0.00, 0.00, 0.00, 0.00, 0.00
21,  0,  0.667,  0.98,  1, 0.15, 0.15, 0.04, 0.00, 0.00, 0.00, 0.00, 0.00, 0.00, 0.00, 0.00, 0.15, 0.00, 0.02, 0.00, 0.06, 0.00, 0.00, 0.00, 0.00, 1.00, 0.00, 0.00, 0.00, 0.00, 0.00, 0.00, 0.00, 0.00, 0.00, 0.00, 0.00, 0.00, 0.00, 0.00
22,  0,  0.700,  0.98,  1, 0.20, 0.19, 0.07, 0.00, 0.00, 0.07, 0.00, 0.00, 0.00, 0.00, 0.04, 0.22, 0.00, 0.02, 0.00, 0.08, 0.00, 0.00, 0.00, 0.00, 1.00, 0.00, 0.00, 0.00, 0.00, 0.00, 0.00, 0.00, 0.00, 0.00, 0.00, 0.00, 0.00, 0.00, 0.00
23,  0,  0.733,  0.98,  1, 0.25, 0.17, 0.06, 0.00, 0.00, 0.07, 0.00, 0.00, 0.00, 0.00, 0.04, 0.24, 0.00, 0.03, 0.00, 0.15, 0.00, 0.00, 0.00, 0.00, 1.00, 0.00, 0.00, 0.00, 0.00, 0.00, 0.00, 0.00, 0.00, 0.00, 1.00, 0.00, 0.00, 0.00, 0.00
24,  0,  0.767,  0.98,  1, 0.28, 0.31, 0.09, 0.00, 0.00, 0.10, 0.00, 0.00, 0.00, 0.00, 0.04, 0.24, 0.01, 0.07, 0.00, 0.16, 0.00, 0.00, 0.00, 0.00, 1.00, 0.00, 0.00, 0.00, 0.00, 0.00, 0.00, 0.00, 0.00, 0.00, 1.00, 0.00, 0.00, 0.00, 0.00
25,  0,  0.800,  0.98,  1, 0.31, 0.35, 0.12, 0.00, 0.00, 0.07, 0.00, 0.00, 0.00, 0.00, 0.03, 0.20, 0.01, 0.09, 0.00, 0.09, 0.00, 0.00, 0.00, 0.00, 1.00, 0.00, 0.00, 0.00, 0.00, 0.00, 0.00, 0.00, 0.00, 0.00, 1.00, 0.00, 0.00, 0.00, 0.00
26,  0,  0.833,  0.98,  1, 0.30, 0.38, 0.21, 0.00, 0.00, 0.07, 0.00, 0.00, 0.00, 0.00, 0.05, 0.20, 0.01, 0.09, 0.02, 0.01, 0.00, 0.00, 0.00, 0.00, 1.00, 0.00, 0.00, 0.00, 0.00, 0.00, 0.00, 0.00, 0.00, 0.00, 1.00, 0.00, 0.00, 0.00, 0.00
27,  0,  0.867,  0.98,  1, 0.32, 0.18, 0.27, 0.03, 0.00, 0.03, 0.00, 0.00, 0.00, 0.00, 0.05, 0.26, 0.09, 0.05, 0.07, 0.03, 0.00, 0.00, 0.00, 0.00, 1.00, 0.00, 0.00, 0.00, 0.00, 0.00, 0.00, 0.00, 0.00, 0.00, 1.00, 0.00, 0.00, 0.00, 0.00
28,  0,  0.900,  0.98,  1, 0.25, 0.05, 0.30, 0.08, 0.00, 0.06, 0.00, 0.00, 0.00, 0.00, 0.03, 0.26, 0.10, 0.03, 0.13, 0.08, 0.01, 0.00, 0.00, 0.00, 1.00, 0.00, 0.00, 0.00, 0.00, 0.00, 0.00, 0.00, 0.00, 0.00, 1.00, 0.00, 0.00, 0.00, 0.00
29,  0,  0.933,  0.98,  1, 0.24, 0.00, 0.28, 0.08, 0.00, 0.06, 0.00, 0.00, 0.00, 0.00, 0.00, 0.17, 0.10, 0.00, 0.17, 0.08, 0.01, 0.00, 0.00, 0.00, 1.00, 0.00, 0.00, 0.00, 0.00, 0.00, 0.00, 0.00, 0.00, 0.00, 1.00, 0.00, 0.00, 0.00, 0.00
30,  0,  0.967,  0.98,  1, 0.25, 0.09, 0.26, 0.08, 0.00, 0.06, 0.00, 0.00, 0.00, 0.00, 0.00, 0.05, 0.01, 0.00, 0.12, 0.09, 0.01, 0.00, 0.00, 0.00, 1.00, 0.00, 0.00, 0.00, 0.00, 0.00, 0.00, 0.00, 0.00, 0.00, 1.00, 0.00, 0.00, 0.00, 0.00
31,  0,  1.000,  0.98,  1, 0.31, 0.24, 0.32, 0.03, 0.00, 0.04, 0.00, 0.00, 0.00, 0.00, 0.00, 0.03, 0.00, 0.00, 0.06, 0.14, 0.00, 0.00, 0.00, 0.00, 1.00, 0.00, 0.00, 0.00, 0.00, 0.00, 0.00, 0.00, 0.00, 0.00, 0.00, 0.00, 0.00, 0.00, 0.00
32,  0,  1.033,  0.98,  1, 0.27, 0.33, 0.34, 0.03, 0.00, 0.04, 0.00, 0.00, 0.00, 0.00, 0.00, 0.15, 0.00, 0.00, 0.04, 0.32, 0.01, 0.00, 0.00, 0.00, 1.00, 0.00, 0.00, 0.00, 0.00, 0.00, 0.00, 0.00, 0.00, 0.00, 0.00, 0.00, 0.00, 0.00, 0.00
33,  0,  1.067,  0.98,  1, 0.19, 0.32, 0.41, 0.00, 0.00, 0.04, 0.00, 0.00, 0.00, 0.00, 0.00, 0.31, 0.00, 0.00, 0.06, 0.51, 0.08, 0.00, 0.00, 0.00, 1.00, 0.00, 0.00, 0.00, 0.00, 0.00, 0.00, 0.00, 0.00, 0.00, 0.00, 0.00, 0.00, 0.00, 0.00
34,  0,  1.100,  0.98,  1, 0.18, 0.26, 0.44, 0.00, 0.00, 0.00, 0.00, 0.00, 0.01, 0.05, 0.00, 0.39, 0.00, 0.00, 0.09, 0.73, 0.18, 0.00, 0.00, 0.00, 1.00, 0.00, 0.00, 0.00, 0.00, 0.00, 0.00, 0.00, 0.00, 0.00, 0.00, 0.00, 0.00, 0.00, 0.00
35,  0,  1.133,  0.98,  1, 0.18, 0.21, 0.43, 0.00, 0.00, 0.00, 0.00, 0.00, 0.03, 0.05, 0.00, 0.38, 0.00, 0.01, 0.05, 0.80, 0.24, 0.00, 0.00, 0.00, 1.00, 0.00, 0.00, 0.00, 0.00, 0.00, 0.00, 0.00, 0.00, 0.00, 0.00, 0.00, 0.00, 0.00, 0.00
36,  0,  1.167,  0.98,  1, 0.11, 0.28, 0.28, 0.00, 0.00, 0.00, 0.00, 0.00, 0.03, 0.05, 0.00, 0.35, 0.00, 0.07, 0.17, 0.86, 0.16, 0.00, 0.00, 0.00, 1.00, 0.00, 0.00, 0.00, 0.00, 0.00, 0.00, 0.00, 0.00, 0.00, 0.00, 0.00, 0.00, 0.00, 0.00
37,  0,  1.200,  0.98,  1, 0.04, 0.19, 0.12, 0.00, 0.00, 0.00, 0.00, 0.00, 0.02, 0.00, 0.00, 0.38, 0.08, 0.10, 0.32, 0.87, 0.15, 0.00, 0.00, 0.00, 1.00, 0.00, 0.00, 0.00, 0.00, 0.00, 0.00, 0.00, 0.00, 0.00, 0.00, 0.00, 1.00, 0.00, 0.00
38,  0,  1.233,  0.98,  1, 0.00, 0.15, 0.01, 0.03, 0.00, 0.00, 0.00, 0.00, 0.07, 0.00, 0.00, 0.29, 0.09, 0.08, 0.41, 0.93, 0.13, 0.00, 0.00, 0.00, 1.00, 0.00, 0.00, 0.00, 0.00, 0.00, 0.00, 0.00, 0.00, 0.00, 0.00, 0.00, 1.00, 0.00, 0.00
39,  0,  1.267,  0.98,  1, 0.03, 0.00, 0.00, 0.03, 0.00, 0.00, 0.00, 0.00, 0.12, 0.00, 0.00, 0.20, 0.13, 0.02, 0.36, 0.97, 0.24, 0.00, 0.00, 0.00, 1.00, 0.00, 0.00, 0.00, 0.00, 0.00, 0.00, 0.00, 0.00, 0.00, 0.00, 0.00, 1.00, 0.00, 0.00
40,  0,  1.300,  0.98,  1, 0.03, 0.00, 0.01, 0.03, 0.00, 0.00, 0.00, 0.00, 0.19, 0.00, 0.00, 0.06, 0.05, 0.00, 0.42, 1.01, 0.30, 0.00, 0.00, 0.00, 1.00, 0.00, 0.00, 0.00, 0.00, 0.00, 0.00, 0.00, 0.00, 0.00, 0.00, 0.00, 1.00, 0.00, 0.00
41,  0,  1.333,  0.98,  1, 0.05, 0.00, 0.08, 0.01, 0.00, 0.00, 0.00, 0.00, 0.12, 0.03, 0.00, 0.02, 0.14, 0.00, 0.55, 0.95, 0.43, 0.00, 0.00, 0.00, 1.00, 0.00, 0.00, 0.00, 0.00, 0.00, 0.00, 0.00, 0.00, 0.00, 0.00, 0.00, 1.00, 0.00, 0.00
42,  0,  1.367,  0.98,  1, 0.02, 0.00, 0.07, 0.01, 0.00, 0.00, 0.00, 0.00, 0.06, 0.04, 0.00, 0.03, 0.28, 0.00, 0.71, 0.84, 0.42, 0.00, 0.00, 0.00, 1.00, 0.00, 0.00, 0.00, 0.00, 0.00, 0.00, 0.00, 0.00, 0.00, 0.00, 0.00, 1.00, 0.00, 0.00
43,  0,  1.400,  0.98,  1, 0.02, 0.00, 0.07, 0.01, 0.00, 0.00, 0.00, 0.00, 0.00, 0.04, 0.00, 0.03, 0.34, 0.00, 0.87, 0.74, 0.28, 0.00, 0.00, 0.00, 1.00, 0.00, 0.00, 0.00, 0.00, 0.00, 0.00, 0.00, 0.00, 0.00, 0.00, 0.00, 0.00, 0.00, 0.00
44,  0,  1.433,  0.98,  1, 0.00, 0.00, 0.00, 0.07, 0.00, 0.00, 0.00, 0.03, 0.00, 0.01, 0.00, 0.09, 0.44, 0.00, 1.03, 0.76, 0.15, 0.00, 0.00, 0.00, 1.00, 0.00, 0.00, 0.00, 0.00, 0.00, 0.00, 0.00, 0.00, 0.00, 0.00, 0.00, 0.00, 0.00, 0.00
45,  0,  1.467,  0.98,  1, 0.04, 0.00, 0.01, 0.19, 0.00, 0.00, 0.00, 0.03, 0.00, 0.02, 0.00, 0.10, 0.41, 0.00, 1.07, 0.66, 0.30, 0.00, 0.00, 0.00, 1.00, 0.00, 0.00, 0.00, 0.00, 0.00, 0.00, 0.00, 0.00, 0.00, 0.00, 0.00, 0.00, 0.00, 0.00
46,  0,  1.500,  0.98,  1, 0.08, 0.00, 0.03, 0.24, 0.00, 0.00, 0.00, 0.11, 0.00, 0.02, 0.00, 0.16, 0.40, 0.00, 1.04, 0.56, 0.32, 0.00, 0.00, 0.00, 1.00, 0.00, 0.00, 0.00, 0.00, 0.00, 0.00, 0.00, 0.00, 0.00, 0.00, 0.00, 0.00, 0.00, 0.00
47,  0,  1.533,  0.98,  1, 0.08, 0.00, 0.03, 0.18, 0.00, 0.00, 0.00, 0.18, 0.00, 0.02, 0.00, 0.18, 0.31, 0.00, 0.95, 0.55, 0.30, 0.00, 0.00, 0.00, 1.00, 0.00, 0.00, 0.00, 0.00, 0.00, 0.00, 0.00, 0.00, 0.00, 0.00, 1.00, 0.00, 0.00, 0.00
48,  0,  1.567,  0.98,  1, 0.07, 0.00, 0.02, 0.06, 0.00, 0.00, 0.00, 0.17, 0.00, 0.00, 0.00, 0.14, 0.36, 0.00, 1.02, 0.59, 0.16, 0.00, 0.00, 0.00, 1.00, 0.00, 0.00, 0.00, 0.00, 0.00, 0.00, 0.00, 0.00, 0.00, 0.00, 1.00, 0.00, 0.00, 0.00
49,  0,  1.600,  0.98,  1, 0.14, 0.00, 0.05, 0.01, 0.00, 0.00, 0.00, 0.09, 0.00, 0.00, 0.00, 0.07, 0.51, 0.00, 0.96, 0.56, 0.25, 0.00, 0.00, 0.00, 1.00, 0.00, 0.00, 0.00, 0.00, 0.00, 0.00, 0.00, 0.00, 0.00, 0.00, 1.00, 0.00, 0.00, 0.00
50,  0,  1.633,  0.98,  1, 0.18, 0.00, 0.06, 0.00, 0.00, 0.00, 0.00, 0.00, 0.00, 0.00, 0.00, 0.06, 0.60, 0.00, 1.05, 0.49, 0.30, 0.00, 0.00, 0.00, 1.00, 0.00, 0.00, 0.00, 0.00, 0.00, 0.00, 0.00, 0.00, 0.00, 0.00, 1.00, 1.00, 0.00, 0.00
51,  0,  1.667,  0.98,  1, 0.15, 0.00, 0.06, 0.00, 0.00, 0.00, 0.00, 0.00, 0.00, 0.00, 0.00, 0.06, 0.49, 0.00, 1.05, 0.52, 0.21, 0.00, 0.00, 0.00, 1.00, 0.00, 0.00, 0.00, 0.00, 0.00, 0.00, 0.00, 0.00, 0.00, 0.00, 1.00, 1.00, 0.00, 0.00
52,  0,  1.700,  0.98,  1, 0.04, 0.00, 0.01, 0.00, 0.00, 0.00, 0.00, 0.01, 0.00, 0.00, 0.00, 0.13, 0.44, 0.00, 1.06, 0.63, 0.08, 0.00, 0.00, 0.00, 1.00, 0.00, 0.00, 0.00, 0.00, 0.00, 0.00, 0.00, 0.00, 0.00, 0.00, 1.00, 1.00, 0.00, 0.00
53,  0,  1.733,  0.98,  1, 0.00, 0.00, 0.01, 0.00, 0.00, 0.00, 0.00, 0.01, 0.00, 0.00, 0.00, 0.21, 0.38, 0.00, 1.07, 0.73, 0.00, 0.00, 0.00, 0.00, 1.00, 0.00, 0.00, 0.00, 0.00, 0.00, 0.00, 0.00, 0.00, 0.00, 0.00, 1.00, 0.00, 0.00, 0.00
54,  0,  1.767,  0.98,  1, 0.16, 0.00, 0.09, 0.03, 0.00, 0.00, 0.00, 0.01, 0.00, 0.00, 0.00, 0.27, 0.48, 0.00, 1.01, 0.78, 0.06, 0.00, 0.00, 0.00, 1.00, 0.00, 0.00, 0.00, 0.00, 0.00, 0.00, 0.00, 0.00, 0.00, 0.00, 1.00, 1.00, 0.00, 0.00
55,  0,  1.800,  0.98,  1, 0.17, 0.00, 0.14, 0.06, 0.00, 0.00, 0.06, 0.00, 0.00, 0.00, 0.00, 0.19, 0.45, 0.00, 1.06, 0.93, 0.15, 0.00, 0.00, 0.00, 1.00, 0.00, 0.00, 0.00, 0.00, 0.00, 0.00, 0.00, 0.00, 0.00, 0.00, 1.00, 1.00, 0.00, 0.00
56,  0,  1.833,  0.98,  1, 0.21, 0.00, 0.14, 0.11, 0.00, 0.00, 0.06, 0.00, 0.00, 0.00, 0.00, 0.11, 0.32, 0.00, 1.10, 1.04, 0.15, 0.00, 0.00, 0.00, 1.00, 0.00, 0.00, 0.00, 0.00, 0.00, 0.00, 0.00, 0.00, 0.00, 0.00, 1.00, 1.00, 0.00, 0.00
57,  0,  1.867,  0.98,  1, 0.05, 0.00, 0.05, 0.09, 0.00, 0.00, 0.06, 0.00, 0.00, 0.00, 0.00, 0.07, 0.13, 0.00, 1.15, 1.22, 0.09, 0.00, 0.00, 0.00, 1.00, 0.00, 0.00, 0.00, 0.00, 0.00, 0.00, 0.00, 0.00, 0.00, 0.00, 1.00, 1.00, 0.00, 0.00
58,  0,  1.900,  0.98,  1, 0.06, 0.00, 0.00, 0.06, 0.00, 0.00, 0.00, 0.00, 0.00, 0.00, 0.00, 0.11, 0.07, 0.00, 1.06, 1.25, 0.06, 0.00, 0.00, 0.00, 1.00, 0.00, 0.00, 0.00, 0.00, 0.00, 0.00, 0.00, 0.00, 0.00, 0.00, 1.00, 1.00, 0.00, 0.00
59,  0,  1.933,  0.98,  1, 0.17, 0.00, 0.04, 0.01, 0.00, 0.00, 0.05, 0.00, 0.00, 0.00, 0.00, 0.14, 0.07, 0.00, 0.98, 1.16, 0.28, 0.00, 0.00, 0.00, 1.00, 0.00, 0.00, 0.00, 0.00, 0.00, 0.00, 0.00, 0.00, 0.00, 0.00, 1.00, 1.00, 0.00, 0.00
60,  0,  1.967,  0.98,  1, 0.23, 0.00, 0.05, 0.07, 0.00, 0.00, 0.05, 0.00, 0.00, 0.00, 0.00, 0.11, 0.06, 0.00, 0.99, 1.36, 0.36, 0.00, 0.00, 0.00, 1.00, 0.00, 0.00, 0.00, 0.00, 0.00, 0.00, 0.00, 0.00, 0.00, 0.00, 1.00, 1.00, 0.00, 0.00
61,  0,  2.000,  0.98,  1, 0.22, 0.00, 0.05, 0.07, 0.00, 0.00, 0.05, 0.00, 0.00, 0.00, 0.00, 0.07, 0.04, 0.00, 1.01, 1.43, 0.30, 0.00, 0.00, 0.00, 1.00, 0.00, 0.00, 0.00, 0.00, 0.00, 0.00, 0.00, 0.00, 0.00, 0.00, 1.00, 1.00, 0.00, 0.00
62,  0,  2.033,  0.98,  1, 0.11, 0.00, 0.02, 0.10, 0.00, 0.00, 0.00, 0.00, 0.00, 0.00, 0.00, 0.00, 0.07, 0.00, 0.97, 1.76, 0.08, 0.00, 0.00, 0.00, 1.00, 0.00, 0.00, 0.00, 0.00, 0.00, 0.00, 0.00, 0.00, 0.00, 0.00, 1.00, 1.00, 0.00, 0.00
63,  0,  2.067,  0.98,  1, 0.04, 0.00, 0.00, 0.04, 0.00, 0.00, 0.00, 0.00, 0.00, 0.00, 0.00, 0.02, 0.06, 0.00, 0.85, 1.53, 0.22, 0.00, 0.00, 0.00, 1.00, 0.00, 0.00, 0.00, 0.00, 0.00, 0.00, 0.00, 0.00, 0.00, 0.00, 1.00, 1.00, 0.00, 0.00
64,  0,  2.100,  0.98,  1, 0.06, 0.00, 0.06, 0.07, 0.00, 0.00, 0.00, 0.00, 0.00, 0.00, 0.00, 0.13, 0.03, 0.00, 0.77, 1.35, 0.33, 0.00, 0.00, 0.00, 1.00, 0.00, 0.00, 0.00, 0.00, 0.00, 0.00, 0.00, 0.00, 0.00, 0.00, 1.00, 1.00, 0.00, 0.00
65,  0,  2.133,  0.98,  1, 0.02, 0.00, 0.05, 0.03, 0.00, 0.00, 0.00, 0.00, 0.00, 0.00, 0.00, 0.26, 0.00, 0.01, 0.56, 1.15, 0.39, 0.00, 0.00, 0.00, 1.00, 0.00, 0.00, 0.00, 0.00, 0.00, 0.00, 0.00, 0.00, 0.00, 0.00, 0.00, 0.00, 0.00, 0.00
66,  0,  2.167,  0.98,  1, 0.05, 0.00, 0.05, 0.11, 0.00, 0.00, 0.00, 0.00, 0.00, 0.00, 0.00, 0.33, 0.06, 0.01, 0.49, 1.14, 0.36, 0.00, 0.00, 0.00, 1.00, 0.00, 0.00, 0.00, 0.00, 0.00, 0.00, 0.00, 0.00, 0.00, 0.00, 0.00, 0.00, 0.00, 0.00
67,  0,  2.200,  0.98,  1, 0.05, 0.00, 0.01, 0.20, 0.00, 0.00, 0.00, 0.00, 0.00, 0.00, 0.00, 0.28, 0.06, 0.01, 0.56, 1.07, 0.31, 0.00, 0.00, 0.00, 1.00, 0.00, 0.00, 0.00, 0.00, 0.00, 0.00, 0.00, 0.00, 0.00, 0.00, 0.00, 0.00, 0.00, 0.00
68,  0,  2.233,  0.98,  1, 0.10, 0.00, 0.01, 0.23, 0.00, 0.00, 0.00, 0.00, 0.00, 0.00, 0.00, 0.19, 0.09, 0.00, 0.73, 0.97, 0.27, 0.00, 0.00, 0.00, 1.00, 0.00, 0.00, 0.00, 0.00, 0.00, 0.00, 0.00, 0.00, 0.00, 0.00, 0.00, 0.00, 0.00, 0.00
69,  0,  2.267,  0.98,  1, 0.11, 0.00, 0.08, 0.15, 0.00, 0.00, 0.05, 0.00, 0.00, 0.00, 0.00, 0.15, 0.03, 0.00, 0.89, 0.90, 0.12, 0.00, 0.00, 0.00, 1.00, 0.00, 0.00, 0.00, 0.00, 0.00, 0.00, 0.00, 0.00, 0.00, 0.00, 0.00, 0.00, 0.00, 0.00
70,  0,  2.300,  0.98,  1, 0.11, 0.00, 0.14, 0.04, 0.00, 0.00, 0.09, 0.00, 0.00, 0.00, 0.00, 0.16, 0.04, 0.00, 0.87, 0.96, 0.07, 0.00, 0.00, 0.00, 1.00, 0.00, 0.00, 0.00, 0.00, 0.00, 0.00, 0.00, 0.00, 0.00, 0.00, 0.00, 0.00, 0.00, 0.00
71,  0,  2.333,  0.98,  1, 0.06, 0.00, 0.24, 0.00, 0.00, 0.00, 0.11, 0.00, 0.00, 0.00, 0.00, 0.14, 0.01, 0.00, 0.95, 0.97, 0.04, 0.00, 0.00, 0.00, 1.00, 0.00, 0.00, 0.00, 0.00, 0.00, 0.00, 0.00, 0.00, 0.00, 0.00, 0.00, 0.00, 0.00, 0.00
72,  0,  2.367,  0.98,  1, 0.01, 0.00, 0.17, 0.00, 0.00, 0.00, 0.13, 0.00, 0.00, 0.00, 0.00, 0.12, 0.06, 0.00, 0.89, 0.91, 0.06, 0.00, 0.00, 0.00, 1.00, 0.00, 0.00, 0.00, 0.00, 0.00, 0.00, 0.00, 0.00, 0.00, 0.00, 0.00, 0.00, 0.00, 0.00
73,  0,  2.400,  0.98,  1, 0.02, 0.00, 0.17, 0.00, 0.00, 0.00, 0.19, 0.00, 0.00, 0.00, 0.00, 0.11, 0.08, 0.00, 0.86, 0.82, 0.20, 0.00, 0.00, 0.00, 1.00, 0.00, 0.00, 0.00, 0.00, 0.00, 0.00, 0.00, 0.00, 0.00, 0.00, 0.00, 0.00, 0.00, 0.00
74,  0,  2.433,  0.98,  1, 0.02, 0.00, 0.07, 0.00, 0.00, 0.00, 0.26, 0.03, 0.00, 0.00, 0.00, 0.14, 0.16, 0.00, 0.82, 0.63, 0.20, 0.00, 0.00, 0.00, 1.00, 0.00, 0.00, 0.00, 1.00, 0.00, 0.00, 0.00, 0.00, 0.00, 0.00, 0.00, 0.00, 0.00, 0.00
75,  0,  2.467,  0.98,  1, 0.02, 0.00, 0.07, 0.00, 0.00, 0.00, 0.19, 0.10, 0.00, 0.00, 0.00, 0.23, 0.20, 0.00, 0.74, 0.58, 0.15, 0.00, 0.00, 0.00, 1.00, 0.00, 0.00, 0.00, 1.00, 0.00, 0.00, 0.00, 0.00, 0.00, 0.00, 0.00, 0.00, 0.00, 0.00
76,  0,  2.500,  0.98,  1, 0.00, 0.00, 0.00, 0.00, 0.00, 0.00, 0.12, 0.16, 0.01, 0.01, 0.00, 0.39, 0.22, 0.00, 0.59, 0.47, 0.12, 0.00, 0.00, 0.00, 1.00, 0.00, 0.00, 0.00, 1.00, 0.00, 0.00, 0.00, 0.00, 0.00, 0.00, 0.00, 0.00, 0.00, 0.00
77,  0,  2.533,  0.98,  1, 0.00, 0.00, 0.00, 0.00, 0.00, 0.00, 0.08, 0.24, 0.07, 0.05, 0.00, 0.52, 0.15, 0.00, 0.42, 0.39, 0.23, 0.00, 0.00, 0.00, 1.00, 0.00, 0.00, 0.00, 1.00, 0.00, 0.00, 0.00, 0.00, 0.00, 0.00, 0.00, 0.00, 0.00, 0.00
78,  0,  2.567,  0.98,  1, 0.08, 0.00, 0.04, 0.00, 0.00, 0.00, 0.12, 0.19, 0.07, 0.07, 0.00, 0.60, 0.23, 0.00, 0.30, 0.17, 0.27, 0.00, 0.00, 0.00, 1.00, 0.00, 0.00, 0.00, 1.00, 0.00, 1.00, 0.00, 0.00, 0.00, 0.00, 0.00, 0.00, 0.00, 0.00
79,  0,  2.600,  0.98,  1, 0.08, 0.00, 0.11, 0.00, 0.00, 0.00, 0.15, 0.23, 0.05, 0.31, 0.00, 0.64, 0.35, 0.02, 0.35, 0.07, 0.15, 0.00, 0.00, 0.00, 1.00, 0.00, 0.00, 0.00, 1.00, 0.00, 1.00, 0.00, 0.00, 0.00, 0.00, 0.00, 0.00, 0.00, 0.00
80,  0,  2.633,  0.98,  1, 0.10, 0.00, 0.16, 0.00, 0.00, 0.00, 0.17, 0.23, 0.00, 0.50, 0.04, 0.77, 0.47, 0.03, 0.35, 0.01, 0.10, 0.00, 0.00, 0.00, 1.00, 0.00, 0.00, 0.00, 1.00, 0.00, 1.00, 0.00, 1.00, 0.00, 0.00, 0.00, 0.00, 0.00, 0.00
81,  0,  2.667,  0.98,  1, 0.01, 0.00, 0.12, 0.00, 0.00, 0.00, 0.13, 0.32, 0.00, 0.73, 0.04, 0.79, 0.51, 0.12, 0.40, 0.01, 0.06, 0.00, 0.00, 0.00, 1.00, 0.00, 0.00, 0.00, 1.00, 0.00, 1.00, 0.00, 1.00, 0.00, 0.00, 0.00, 0.00, 0.00, 0.00
82,  0,  2.700,  0.98,  1, 0.01, 0.00, 0.05, 0.00, 0.00, 0.00, 0.07, 0.23, 0.00, 0.61, 0.04, 0.81, 0.41, 0.18, 0.30, 0.00, 0.06, 0.00, 0.00, 0.00, 1.00, 0.00, 0.00, 0.00, 0.00, 0.00, 1.00, 0.00, 1.00, 0.00, 0.00, 0.00, 0.00, 0.00, 0.00
83,  0,  2.733,  0.98,  1, 0.10, 0.09, 0.00, 0.00, 0.00, 0.00, 0.02, 0.12, 0.00, 0.65, 0.00, 0.85, 0.53, 0.20, 0.19, 0.00, 0.13, 0.00, 0.00, 0.00, 1.00, 0.00, 0.00, 0.00, 0.00, 0.00, 1.00, 0.00, 1.00, 0.00, 0.00, 0.00, 0.00, 0.00, 0.00
84,  0,  2.767,  0.98,  1, 0.10, 0.09, 0.12, 0.00, 0.00, 0.00, 0.05, 0.01, 0.00, 0.65, 0.01, 0.79, 0.33, 0.18, 0.11, 0.00, 0.15, 0.00, 0.00, 0.00, 1.00, 0.00, 0.00, 0.00, 0.00, 0.00, 1.00, 0.00, 1.00, 0.00, 0.00, 0.00, 0.00, 0.00, 0.00
85,  0,  2.800,  0.98,  1, 0.12, 0.09, 0.21, 0.00, 0.00, 0.00, 0.07, 0.00, 0.00, 0.77, 0.06, 0.75, 0.24, 0.21, 0.13, 0.00, 0.15, 0.00, 0.00, 0.00, 1.00, 0.00, 0.00, 0.00, 0.00, 0.00, 1.00, 0.00, 1.00, 0.00, 0.00, 0.00, 0.00, 0.00, 0.00
86,  0,  2.833,  0.98,  1, 0.07, 0.00, 0.21, 0.00, 0.00, 0.00, 0.05, 0.00, 0.00, 0.63, 0.08, 0.60, 0.00, 0.26, 0.20, 0.00, 0.02, 0.00, 0.00, 0.00, 1.00, 0.00, 0.00, 0.00, 0.00, 0.00, 1.00, 0.00, 1.00, 0.00, 0.00, 0.00, 0.00, 0.00, 0.00
87,  0,  2.867,  0.98,  1, 0.19, 0.00, 0.15, 0.00, 0.00, 0.00, 0.07, 0.00, 0.00, 0.57, 0.11, 0.65, 0.00, 0.19, 0.18, 0.00, 0.05, 0.00, 0.00, 0.00, 1.00, 0.00, 0.00, 0.00, 0.00, 0.00, 0.00, 0.00, 1.00, 0.00, 0.00, 0.00, 0.00, 0.00, 0.00
88,  0,  2.900,  0.98,  1, 0.29, 0.00, 0.10, 0.00, 0.00, 0.00, 0.12, 0.00, 0.00, 0.51, 0.13, 0.68, 0.00, 0.10, 0.22, 0.00, 0.14, 0.00, 0.00, 0.00, 1.00, 0.00, 0.00, 0.00, 0.00, 0.00, 0.00, 0.00, 1.00, 0.00, 0.00, 0.00, 0.00, 0.00, 0.00
89,  0,  2.933,  0.98,  1, 0.29, 0.00, 0.14, 0.00, 0.00, 0.00, 0.12, 0.00, 0.00, 0.47, 0.19, 0.61, 0.02, 0.05, 0.35, 0.06, 0.15, 0.00, 0.00, 0.00, 1.00, 0.00, 0.00, 0.00, 0.00, 0.00, 0.00, 0.00, 1.00, 0.00, 0.00, 0.00, 0.00, 0.00, 0.00
90,  0,  2.967,  0.98,  1, 0.29, 0.00, 0.08, 0.00, 0.00, 0.00, 0.06, 0.00, 0.00, 0.35, 0.16, 0.49, 0.02, 0.05, 0.45, 0.06, 0.11, 0.00, 0.00, 0.00, 1.00, 0.00, 0.00, 0.00, 0.00, 0.00, 0.00, 0.00, 1.00, 0.00, 0.00, 0.00, 0.00, 0.00, 0.00
91,  0,  3.000,  0.98,  1, 0.30, 0.00, 0.09, 0.00, 0.00, 0.00, 0.00, 0.00, 0.00, 0.23, 0.17, 0.40, 0.02, 0.03, 0.45, 0.06, 0.02, 0.00, 0.00, 0.00, 1.00, 0.00, 0.00, 0.00, 0.00, 0.00, 0.00, 0.00, 1.00, 0.00, 0.00, 0.00, 0.00, 0.00, 0.00
92,  0,  3.033,  0.98,  1, 0.35, 0.00, 0.06, 0.10, 0.00, 0.00, 0.00, 0.05, 0.00, 0.14, 0.11, 0.42, 0.00, 0.00, 0.34, 0.13, 0.02, 0.00, 0.00, 0.00, 1.00, 0.00, 0.00, 0.00, 0.00, 0.00, 0.00, 0.00, 0.00, 0.00, 0.00, 0.00, 0.00, 0.00, 0.00
93,  0,  3.067,  0.98,  1, 0.39, 0.00, 0.06, 0.13, 0.00, 0.00, 0.00, 0.05, 0.00, 0.06, 0.11, 0.34, 0.00, 0.00, 0.40, 0.20, 0.10, 0.00, 0.00, 0.00, 1.00, 0.00, 0.00, 0.00, 0.00, 0.00, 0.00, 0.00, 0.00, 0.00, 0.00, 0.00, 0.00, 0.00, 0.00
94,  0,  3.100,  0.98,  1, 0.33, 0.00, 0.07, 0.13, 0.00, 0.00, 0.00, 0.05, 0.00, 0.06, 0.03, 0.24, 0.00, 0.00, 0.49, 0.20, 0.14, 0.00, 0.00, 0.00, 1.00, 0.00, 0.00, 0.00, 0.00, 0.00, 0.00, 0.00, 0.00, 0.00, 0.00, 0.00, 0.00, 0.00, 0.00
95,  0,  3.133,  0.98,  1, 0.21, 0.00, 0.13, 0.03, 0.00, 0.00, 0.00, 0.11, 0.00, 0.09, 0.00, 0.14, 0.00, 0.00, 0.54, 0.08, 0.14, 0.00, 0.00, 0.00, 1.00, 0.00, 0.00, 0.00, 0.00, 0.00, 0.00, 0.00, 0.00, 0.00, 0.00, 0.00, 0.00, 0.00, 0.00
96,  0,  3.167,  0.98,  1, 0.14, 0.00, 0.14, 0.00, 0.00, 0.00, 0.00, 0.11, 0.01, 0.09, 0.00, 0.20, 0.00, 0.00, 0.48, 0.12, 0.05, 0.00, 0.00, 0.00, 1.00, 0.00, 0.00, 0.00, 0.00, 0.00, 0.00, 0.00, 0.00, 0.00, 0.00, 0.00, 0.00, 0.00, 0.00
97,  0,  3.200,  0.98,  1, 0.09, 0.00, 0.21, 0.00, 0.00, 0.00, 0.00, 0.12, 0.01, 0.03, 0.04, 0.18, 0.00, 0.01, 0.50, 0.19, 0.01, 0.00, 0.00, 0.00, 1.00, 0.00, 0.00, 0.00, 0.00, 0.00, 0.00, 0.00, 0.00, 0.00, 0.00, 0.00, 0.00, 0.00, 0.00
98,  0,  3.233,  0.98,  1, 0.09, 0.00, 0.19, 0.00, 0.00, 0.00, 0.00, 0.01, 0.01, 0.00, 0.04, 0.16, 0.00, 0.03, 0.55, 0.32, 0.01, 0.00, 0.00, 0.00, 1.00, 0.00, 0.00, 0.00, 0.00, 0.00, 0.00, 0.00, 0.00, 0.00, 0.00, 0.00, 0.00, 0.00, 0.00
99,  0,  3.267,  0.98,  1, 0.00, 0.00, 0.21, 0.00, 0.00, 0.00, 0.00, 0.01, 0.01, 0.00, 0.12, 0.08, 0.00, 0.03, 0.60, 0.38, 0.00, 0.00, 0.00, 0.00, 1.00, 0.00, 0.00, 0.00, 0.00, 0.00, 0.00, 0.00, 0.00, 0.00, 0.00, 0.00, 0.00, 0.00, 0.00
100,  0,  3.300,  0.98,  1, 0.05, 0.08, 0.08, 0.00, 0.00, 0.00, 0.00, 0.00, 0.01, 0.00, 0.08, 0.05, 0.00, 0.02, 0.52, 0.35, 0.10, 0.00, 0.00, 0.00, 1.00, 0.00, 0.00, 0.00, 0.00, 0.00, 0.00, 0.00, 0.00, 0.00, 0.00, 0.00, 0.00, 0.00, 0.00
101,  0,  3.333,  0.98,  1, 0.07, 0.08, 0.09, 0.00, 0.00, 0.00, 0.00, 0.00, 0.01, 0.00, 0.08, 0.06, 0.01, 0.01, 0.53, 0.28, 0.15, 0.00, 0.00, 0.00, 1.00, 0.00, 0.00, 0.00, 0.00, 0.00, 0.00, 0.00, 0.00, 0.00, 0.00, 0.00, 0.00, 0.00, 0.00
102,  0,  3.367,  0.98,  1, 0.09, 0.09, 0.09, 0.00, 0.00, 0.00, 0.00, 0.06, 0.00, 0.00, 0.04, 0.11, 0.01, 0.00, 0.48, 0.24, 0.15, 0.00, 0.00, 0.00, 1.00, 0.00, 0.00, 0.00, 0.00, 0.00, 0.00, 0.00, 0.00, 0.00, 0.00, 0.00, 0.00, 0.00, 0.00
103,  0,  3.400,  0.98,  1, 0.04, 0.00, 0.10, 0.00, 0.00, 0.00, 0.00, 0.06, 0.00, 0.00, 0.04, 0.14, 0.01, 0.00, 0.54, 0.38, 0.06, 0.00, 0.00, 0.00, 1.00, 0.00, 0.00, 0.00, 0.00, 0.00, 0.00, 0.00, 0.00, 0.00, 0.00, 0.00, 0.00, 0.00, 0.00
104,  0,  3.433,  0.98,  1, 0.10, 0.00, 0.16, 0.00, 0.00, 0.00, 0.00, 0.06, 0.00, 0.00, 0.04, 0.17, 0.00, 0.00, 0.62, 0.44, 0.10, 0.00, 0.00, 0.00, 1.00, 0.00, 0.00, 0.00, 0.00, 0.00, 0.00, 0.00, 0.00, 0.00, 0.00, 0.00, 0.00, 0.00, 0.00
105,  0,  3.467,  0.98,  1, 0.12, 0.00, 0.31, 0.03, 0.00, 0.00, 0.00, 0.00, 0.00, 0.00, 0.11, 0.12, 0.00, 0.00, 0.74, 0.52, 0.10, 0.00, 0.00, 0.00, 1.00, 0.00, 0.00, 0.00, 0.00, 0.00, 0.00, 0.00, 0.00, 0.00, 0.00, 0.00, 0.00, 0.00, 0.00
106,  0,  3.500,  0.98,  1, 0.15, 0.00, 0.41, 0.03, 0.00, 0.00, 0.00, 0.00, 0.00, 0.00, 0.22, 0.05, 0.00, 0.00, 0.76, 0.57, 0.10, 0.00, 0.00, 0.00, 1.00, 0.00, 0.00, 0.00, 0.00, 0.00, 0.00, 0.00, 0.00, 0.00, 0.00, 0.00, 0.00, 0.00, 0.00
107,  0,  3.533,  0.98,  1, 0.07, 0.00, 0.31, 0.03, 0.00, 0.00, 0.00, 0.00, 0.00, 0.00, 0.32, 0.01, 0.00, 0.00, 0.64, 0.67, 0.00, 0.00, 0.00, 0.00, 1.00, 0.00, 0.00, 0.00, 0.00, 0.00, 0.00, 0.00, 0.00, 0.00, 0.00, 0.00, 0.00, 0.00, 0.00
108,  0,  3.567,  0.98,  1, 0.03, 0.00, 0.12, 0.00, 0.00, 0.00, 0.00, 0.00, 0.00, 0.00, 0.22, 0.03, 0.00, 0.00, 0.65, 0.81, 0.00, 0.00, 0.00, 0.00, 1.00, 0.00, 0.00, 0.00, 0.00, 0.00, 0.00, 0.00, 0.00, 0.00, 0.00, 0.00, 0.00, 0.00, 0.00
109,  0,  3.600,  0.98,  1, 0.00, 0.00, 0.05, 0.03, 0.00, 0.00, 0.00, 0.00, 0.00, 0.00, 0.10, 0.05, 0.00, 0.00, 0.78, 0.90, 0.10, 0.00, 0.00, 0.00, 1.00, 0.00, 0.00, 0.00, 0.00, 0.00, 0.00, 0.00, 0.00, 0.00, 0.00, 0.00, 0.00, 0.00, 0.00
110,  0,  3.633,  0.98,  1, 0.00, 0.00, 0.07, 0.10, 0.00, 0.00, 0.00, 0.00, 0.00, 0.00, 0.00, 0.04, 0.00, 0.00, 0.95, 0.92, 0.10, 0.00, 0.00, 0.00, 1.00, 0.00, 0.00, 0.00, 0.00, 0.00, 0.00, 0.00, 0.00, 0.00, 0.00, 0.00, 0.00, 0.00, 0.00
111,  0,  3.667,  0.98,  1, 0.00, 0.00, 0.10, 0.17, 0.00, 0.00, 0.00, 0.00, 0.00, 0.00, 0.07, 0.08, 0.00, 0.02, 0.99, 0.93, 0.10, 0.00, 0.00, 0.00, 1.00, 0.00, 0.00, 0.00, 0.00, 0.00, 0.00, 0.00, 0.00, 0.00, 0.00, 0.00, 0.00, 0.00, 0.00
112,  0,  3.700,  0.98,  1, 0.00, 0.00, 0.05, 0.17, 0.00, 0.00, 0.00, 0.00, 0.00, 0.00, 0.07, 0.16, 0.00, 0.07, 0.86, 1.01, 0.00, 0.00, 0.00, 0.00, 1.00, 0.00, 0.00, 0.00, 0.00, 0.00, 0.00, 0.00, 0.00, 0.00, 0.00, 0.00, 0.00, 0.00, 0.00
113,  0,  3.733,  0.98,  1, 0.00, 0.00, 0.02, 0.17, 0.00, 0.00, 0.00, 0.00, 0.00, 0.00, 0.07, 0.27, 0.00, 0.08, 0.74, 1.08, 0.00, 0.00, 0.00, 0.00, 1.00, 0.00, 0.00, 0.00, 0.00, 0.00, 0.00, 0.00, 0.00, 0.00, 0.00, 0.00, 0.00, 0.00, 0.00
114,  0,  3.767,  0.98,  1, 0.04, 0.00, 0.05, 0.14, 0.00, 0.00, 0.00, 0.00, 0.00, 0.00, 0.00, 0.30, 0.00, 0.06, 0.70, 1.03, 0.09, 0.00, 0.00, 0.00, 1.00, 0.00, 0.00, 0.00, 0.00, 0.00, 0.00, 0.00, 0.00, 0.00, 0.00, 0.00, 0.00, 0.00, 0.00
115,  0,  3.800,  0.98,  1, 0.04, 0.00, 0.05, 0.12, 0.00, 0.00, 0.00, 0.00, 0.00, 0.00, 0.00, 0.35, 0.03, 0.01, 0.73, 0.90, 0.09, 0.00, 0.00, 0.00, 1.00, 0.00, 0.00, 0.00, 0.00, 0.00, 0.00, 0.00, 0.00, 0.00, 0.00, 0.00, 0.00, 0.00, 0.00
116,  0,  3.833,  0.98,  1, 0.04, 0.00, 0.14, 0.04, 0.00, 0.00, 0.00, 0.00, 0.00, 0.00, 0.00, 0.43, 0.10, 0.03, 0.62, 0.70, 0.09, 0.00, 0.00, 0.00, 1.00, 0.00, 0.00, 0.00, 0.00, 0.00, 0.00, 0.00, 0.00, 0.00, 0.00, 0.00, 0.00, 0.00, 0.00
117,  0,  3.867,  0.98,  1, 0.00, 0.00, 0.09, 0.00, 0.00, 0.00, 0.00, 0.00, 0.00, 0.07, 0.00, 0.57, 0.17, 0.06, 0.45, 0.51, 0.00, 0.00, 0.00, 0.00, 1.00, 0.00, 0.00, 0.00, 0.00, 0.00, 0.00, 0.00, 0.00, 0.00, 0.00, 0.00, 0.00, 0.00, 0.00
118,  0,  3.900,  0.98,  1, 0.00, 0.00, 0.14, 0.00, 0.00, 0.00, 0.00, 0.00, 0.00, 0.16, 0.00, 0.64, 0.29, 0.14, 0.26, 0.29, 0.00, 0.00, 0.00, 0.00, 1.00, 0.00, 0.00, 0.00, 0.00, 0.00, 0.00, 0.00, 0.00, 0.00, 0.00, 0.00, 0.00, 0.00, 0.00
119,  0,  3.933,  0.98,  1, 0.00, 0.00, 0.05, 0.00, 0.00, 0.00, 0.00, 0.00, 0.00, 0.23, 0.00, 0.57, 0.23, 0.13, 0.30, 0.20, 0.00, 0.00, 0.00, 0.00, 1.00, 0.00, 0.00, 0.00, 0.00, 0.00, 0.00, 0.00, 0.00, 0.00, 0.00, 0.00, 0.00, 0.00, 0.00
120,  0,  3.967,  0.98,  1, 0.00, 0.00, 0.13, 0.00, 0.00, 0.00, 0.00, 0.00, 0.00, 0.23, 0.00, 0.45, 0.27, 0.10, 0.35, 0.10, 0.04, 0.00, 0.00, 0.00, 1.00, 0.00, 0.00, 0.00, 0.00, 0.00, 0.00, 0.00, 0.00, 0.00, 0.00, 0.00, 0.00, 0.00, 0.00
121,  0,  4.000,  0.98,  1, 0.00, 0.00, 0.20, 0.00, 0.00, 0.00, 0.00, 0.00, 0.00, 0.19, 0.00, 0.33, 0.12, 0.03, 0.44, 0.04, 0.04, 0.00, 0.00, 0.00, 1.00, 0.00, 0.00, 0.00, 0.00, 0.00, 0.00, 0.00, 0.00, 0.00, 0.00, 0.00, 0.00, 0.00, 0.00
122,  0,  4.033,  0.98,  1, 0.00, 0.00, 0.20, 0.00, 0.00, 0.00, 0.00, 0.00, 0.00, 0.11, 0.00, 0.26, 0.11, 0.00, 0.44, 0.03, 0.04, 0.00, 0.00, 0.00, 1.00, 0.00, 0.00, 0.00, 0.00, 0.00, 0.00, 0.00, 0.00, 0.00, 0.00, 0.00, 0.00, 0.00, 0.00
123,  0,  4.067,  0.98,  1, 0.00, 0.00, 0.12, 0.00, 0.00, 0.00, 0.00, 0.00, 0.00, 0.12, 0.00, 0.31, 0.00, 0.00, 0.43, 0.07, 0.00, 0.00, 0.00, 0.00, 1.00, 0.00, 0.00, 0.00, 0.00, 0.00, 0.00, 0.00, 0.00, 0.00, 0.00, 0.00, 0.00, 0.00, 0.00
124,  0,  4.100,  0.98,  1, 0.00, 0.00, 0.00, 0.00, 0.00, 0.00, 0.00, 0.00, 0.00, 0.14, 0.00, 0.38, 0.00, 0.00, 0.49, 0.09, 0.00, 0.00, 0.00, 0.00, 1.00, 0.00, 0.00, 0.00, 0.00, 0.00, 0.00, 0.00, 0.00, 0.00, 0.00, 0.00, 0.00, 0.00, 0.00
125,  0,  4.133,  0.98,  1, 0.00, 0.00, 0.01, 0.00, 0.00, 0.00, 0.00, 0.00, 0.00, 0.23, 0.00, 0.53, 0.02, 0.00, 0.57, 0.06, 0.00, 0.00, 0.00, 0.00, 1.00, 0.00, 0.00, 0.00, 0.00, 0.00, 0.00, 0.00, 1.00, 0.00, 0.00, 0.00, 0.00, 0.00, 0.00
126,  0,  4.167,  0.98,  1, 0.00, 0.00, 0.01, 0.00, 0.00, 0.00, 0.00, 0.00, 0.00, 0.15, 0.00, 0.55, 0.02, 0.00, 0.51, 0.04, 0.00, 0.00, 0.00, 0.00, 1.00, 0.00, 0.00, 0.00, 0.00, 0.00, 0.00, 0.00, 1.00, 0.00, 0.00, 0.00, 0.00, 0.00, 0.00
127,  0,  4.200,  0.98,  1, 0.00, 0.00, 0.01, 0.00, 0.00, 0.00, 0.00, 0.00, 0.00, 0.10, 0.00, 0.57, 0.13, 0.00, 0.30, 0.02, 0.00, 0.00, 0.00, 0.00, 1.00, 0.00, 0.00, 0.00, 0.00, 0.00, 0.00, 0.00, 1.00, 0.00, 0.00, 0.00, 0.00, 0.00, 0.00
128,  0,  4.233,  0.98,  1, 0.00, 0.00, 0.00, 0.00, 0.00, 0.00, 0.00, 0.00, 0.00, 0.01, 0.00, 0.52, 0.12, 0.01, 0.13, 0.03, 0.00, 0.00, 0.00, 0.00, 1.00, 0.00, 0.00, 0.00, 0.00, 0.00, 0.00, 0.00, 1.00, 0.00, 0.00, 0.00, 0.00, 0.00, 0.00
129,  0,  4.267,  0.98,  1, 0.00, 0.00, 0.00, 0.00, 0.00, 0.00, 0.00, 0.00, 0.00, 0.07, 0.00, 0.48, 0.12, 0.01, 0.04, 0.01, 0.00, 0.00, 0.00, 0.00, 1.00, 0.00, 0.00, 0.00, 0.00, 0.00, 0.00, 0.00, 1.00, 0.00, 0.00, 0.00, 0.00, 0.00, 0.00
130,  0,  4.300,  0.98,  1, 0.00, 0.00, 0.02, 0.00, 0.00, 0.00, 0.00, 0.00, 0.00, 0.05, 0.00, 0.40, 0.04, 0.02, 0.11, 0.01, 0.00, 0.00, 0.00, 0.00, 1.00, 0.00, 0.00, 0.00, 0.00, 0.00, 0.00, 0.00, 1.00, 0.00, 0.00, 0.00, 0.00, 0.00, 0.00
131,  0,  4.333,  0.98,  1, 0.00, 0.00, 0.02, 0.00, 0.00, 0.00, 0.00, 0.00, 0.00, 0.07, 0.00, 0.39, 0.04, 0.01, 0.07, 0.01, 0.00, 0.00, 0.00, 0.00, 1.00, 0.00, 0.00, 0.00, 0.00, 0.00, 0.00, 0.00, 1.00, 0.00, 0.00, 0.00, 0.00, 0.00, 0.00
132,  0,  4.367,  0.98,  1, 0.00, 0.00, 0.04, 0.00, 0.00, 0.00, 0.00, 0.00, 0.00, 0.01, 0.00, 0.44, 0.04, 0.06, 0.14, 0.02, 0.00, 0.00, 0.00, 0.00, 1.00, 0.00, 0.00, 0.00, 0.00, 0.00, 0.00, 0.00, 0.00, 0.00, 0.00, 0.00, 0.00, 0.00, 0.00
133,  0,  4.400,  0.98,  1, 0.00, 0.00, 0.02, 0.00, 0.00, 0.00, 0.00, 0.00, 0.00, 0.10, 0.00, 0.52, 0.01, 0.06, 0.16, 0.02, 0.00, 0.00, 0.00, 0.00, 1.00, 0.00, 0.00, 0.00, 0.00, 0.00, 0.00, 0.00, 0.00, 0.00, 0.00, 0.00, 0.00, 0.00, 0.00
134,  0,  4.433,  0.98,  1, 0.01, 0.00, 0.02, 0.00, 0.00, 0.00, 0.00, 0.00, 0.00, 0.15, 0.00, 0.52, 0.08, 0.06, 0.27, 0.02, 0.00, 0.00, 0.00, 0.00, 1.00, 0.00, 0.00, 0.00, 0.00, 0.00, 0.00, 0.00, 1.00, 0.00, 0.00, 0.00, 0.00, 0.00, 0.00
135,  0,  4.467,  0.98,  1, 0.01, 0.00, 0.00, 0.00, 0.00, 0.00, 0.00, 0.00, 0.00, 0.18, 0.00, 0.55, 0.15, 0.04, 0.27, 0.04, 0.00, 0.00, 0.00, 0.00, 1.00, 0.00, 0.00, 0.00, 0.00, 0.00, 0.00, 0.00, 1.00, 0.00, 0.00, 0.00, 0.00, 0.00, 0.00
136,  0,  4.500,  0.98,  1, 0.01, 0.00, 0.00, 0.00, 0.00, 0.00, 0.00, 0.00, 0.00, 0.15, 0.00, 0.58, 0.15, 0.04, 0.23, 0.04, 0.00, 0.00, 0.00, 0.00, 1.00, 0.00, 0.00, 0.00, 0.00, 0.00, 0.00, 0.00, 1.00, 0.00, 0.00, 0.00, 0.00, 0.00, 0.00
137,  0,  4.533,  0.98,  1, 0.00, 0.00, 0.00, 0.00, 0.00, 0.00, 0.00, 0.00, 0.00, 0.09, 0.00, 0.56, 0.12, 0.06, 0.17, 0.10, 0.00, 0.00, 0.00, 0.00, 1.00, 0.00, 0.00, 0.00, 0.00, 0.00, 0.00, 0.00, 1.00, 0.00, 0.00, 0.00, 0.00, 0.00, 0.00
138,  0,  4.567,  0.98,  1, 0.00, 0.00, 0.00, 0.00, 0.00, 0.00, 0.00, 0.00, 0.00, 0.10, 0.00, 0.53, 0.06, 0.03, 0.20, 0.12, 0.00, 0.00, 0.00, 0.00, 1.00, 0.00, 0.00, 0.00, 0.00, 0.00, 0.00, 0.00, 1.00, 0.00, 0.00, 0.00, 0.00, 0.00, 0.00
139,  0,  4.600,  0.98,  1, 0.00, 0.00, 0.00, 0.09, 0.00, 0.00, 0.00, 0.00, 0.00, 0.04, 0.00, 0.59, 0.06, 0.05, 0.19, 0.12, 0.00, 0.00, 0.00, 0.00, 1.00, 0.00, 0.00, 0.00, 0.00, 0.00, 0.00, 0.00, 1.00, 0.00, 0.00, 0.00, 0.00, 0.00, 0.00
140,  0,  4.633,  0.98,  1, 0.00, 0.00, 0.01, 0.10, 0.00, 0.00, 0.00, 0.00, 0.00, 0.06, 0.08, 0.61, 0.02, 0.03, 0.34, 0.13, 0.00, 0.00, 0.00, 0.00, 1.00, 0.00, 0.00, 0.00, 0.00, 0.00, 0.00, 0.00, 1.00, 0.00, 0.00, 0.00, 0.00, 0.00, 0.00
141,  0,  4.667,  0.98,  1, 0.00, 0.00, 0.01, 0.21, 0.00, 0.00, 0.00, 0.00, 0.00, 0.03, 0.15, 0.57, 0.03, 0.03, 0.52, 0.09, 0.00, 0.00, 0.00, 0.00, 1.00, 0.00, 0.00, 0.00, 0.00, 0.00, 0.00, 0.00, 1.00, 0.00, 0.00, 0.00, 0.00, 0.00, 0.00
142,  0,  4.700,  0.98,  1, 0.00, 0.00, 0.08, 0.25, 0.00, 0.00, 0.00, 0.04, 0.00, 0.10, 0.15, 0.34, 0.09, 0.00, 0.85, 0.09, 0.00, 0.00, 0.00, 0.00, 1.00, 0.00, 0.00, 0.00, 0.00, 0.00, 0.00, 0.00, 0.00, 0.00, 0.00, 0.00, 0.00, 0.00, 0.00
143,  0,  4.733,  0.98,  1, 0.00, 0.00, 0.14, 0.28, 0.00, 0.00, 0.00, 0.04, 0.00, 0.12, 0.09, 0.24, 0.23, 0.00, 1.10, 0.06, 0.00, 0.00, 0.00, 0.00, 1.00, 0.00, 0.00, 0.00, 0.00, 0.00, 0.00, 0.00, 0.00, 0.00, 0.00, 1.00, 0.00, 0.00, 0.00
144,  0,  4.767,  0.98,  1, 0.00, 0.00, 0.17, 0.19, 0.00, 0.00, 0.00, 0.04, 0.00, 0.10, 0.01, 0.14, 0.23, 0.00, 1.18, 0.10, 0.00, 0.00, 0.00, 0.00, 1.00, 0.00, 0.00, 0.00, 0.00, 0.00, 0.00, 0.00, 0.00, 0.00, 0.00, 1.00, 0.00, 0.00, 0.00
145,  0,  4.800,  0.98,  1, 0.00, 0.00, 0.13, 0.07, 0.00, 0.00, 0.00, 0.04, 0.00, 0.04, 0.01, 0.11, 0.20, 0.00, 1.29, 0.17, 0.00, 0.00, 0.00, 0.00, 1.00, 0.00, 0.00, 0.00, 0.00, 0.00, 0.00, 0.00, 0.00, 0.00, 0.00, 1.00, 0.00, 0.00, 0.00
146,  0,  4.833,  0.98,  1, 0.00, 0.00, 0.05, 0.03, 0.00, 0.00, 0.00, 0.15, 0.00, 0.00, 0.01, 0.03, 0.05, 0.00, 1.34, 0.19, 0.00, 0.00, 0.00, 0.00, 1.00, 0.00, 0.00, 0.00, 0.00, 0.00, 0.00, 0.00, 0.00, 0.00, 0.00, 1.00, 0.00, 0.00, 0.00
147,  0,  4.867,  0.98,  1, 0.01, 0.00, 0.07, 0.06, 0.00, 0.00, 0.00, 0.16, 0.00, 0.03, 0.01, 0.00, 0.07, 0.00, 1.61, 0.12, 0.00, 0.00, 0.00, 0.00, 1.00, 0.00, 0.00, 0.00, 0.00, 0.00, 0.00, 0.00, 0.00, 0.00, 0.00, 1.00, 0.00, 0.00, 0.00
148,  0,  4.900,  0.98,  1, 0.01, 0.00, 0.18, 0.06, 0.00, 0.00, 0.00, 0.14, 0.00, 0.03, 0.01, 0.00, 0.04, 0.00, 1.65, 0.06, 0.00, 0.00, 0.00, 0.00, 1.00, 0.00, 0.00, 0.00, 0.00, 0.00, 0.00, 0.00, 0.00, 0.00, 0.00, 1.00, 0.00, 0.00, 0.00
149,  0,  4.933,  0.98,  1, 0.01, 0.00, 0.21, 0.06, 0.00, 0.00, 0.00, 0.05, 0.03, 0.03, 0.00, 0.00, 0.04, 0.00, 1.66, 0.00, 0.00, 0.00, 0.00, 0.00, 1.00, 0.00, 0.00, 0.00, 1.00, 0.00, 0.00, 0.00, 0.00, 0.00, 0.00, 1.00, 0.00, 0.00, 0.00
150,  0,  4.967,  0.98,  1, 0.00, 0.00, 0.19, 0.00, 0.00, 0.00, 0.00, 0.07, 0.06, 0.00, 0.04, 0.02, 0.00, 0.00, 1.65, 0.00, 0.00, 0.00, 0.00, 0.00, 1.00, 0.00, 0.00, 0.00, 1.00, 0.00, 0.00, 0.00, 0.00, 0.00, 0.00, 1.00, 0.00, 0.00, 0.00
151,  0,  5.000,  0.98,  1, 0.00, 0.00, 0.07, 0.00, 0.00, 0.00, 0.00, 0.17, 0.16, 0.00, 0.10, 0.04, 0.00, 0.00, 1.85, 0.00, 0.00, 0.00, 0.00, 0.00, 1.00, 0.00, 0.00, 0.00, 1.00, 0.00, 0.00, 0.00, 0.00, 0.00, 0.00, 1.00, 0.00, 0.00, 0.00
152,  0,  5.033,  0.98,  1, 0.00, 0.00, 0.03, 0.00, 0.00, 0.00, 0.00, 0.30, 0.19, 0.00, 0.19, 0.04, 0.08, 0.00, 2.01, 0.00, 0.00, 0.00, 0.00, 0.00, 1.00, 0.00, 0.00, 0.00, 1.00, 0.00, 0.00, 0.00, 0.00, 0.00, 0.00, 1.00, 0.00, 0.00, 0.00
153,  0,  5.067,  0.98,  1, 0.00, 0.00, 0.00, 0.00, 0.00, 0.00, 0.00, 0.44, 0.22, 0.00, 0.21, 0.02, 0.08, 0.00, 2.02, 0.00, 0.00, 0.00, 0.00, 0.00, 1.00, 0.00, 0.00, 0.00, 1.00, 0.00, 0.00, 0.00, 0.00, 0.00, 0.00, 1.00, 0.00, 0.00, 0.00
154,  0,  5.100,  0.98,  1, 0.00, 0.00, 0.00, 0.00, 0.00, 0.00, 0.00, 0.42, 0.12, 0.05, 0.15, 0.08, 0.10, 0.00, 1.94, 0.02, 0.00, 0.00, 0.00, 0.00, 1.00, 0.00, 0.00, 0.00, 1.00, 0.00, 0.00, 0.00, 0.00, 0.00, 0.00, 1.00, 0.00, 0.00, 0.00
155,  0,  5.133,  0.98,  1, 0.04, 0.00, 0.00, 0.05, 0.00, 0.00, 0.00, 0.30, 0.06, 0.21, 0.07, 0.22, 0.13, 0.00, 1.76, 0.02, 0.00, 0.00, 0.00, 0.00, 1.00, 0.00, 0.00, 0.00, 1.00, 0.00, 0.00, 0.00, 0.00, 0.00, 0.00, 1.00, 0.00, 0.00, 0.00
156,  0,  5.167,  0.98,  1, 0.04, 0.00, 0.00, 0.05, 0.00, 0.00, 0.05, 0.18, 0.00, 0.21, 0.00, 0.28, 0.13, 0.00, 1.51, 0.12, 0.00, 0.00, 0.00, 0.00, 1.00, 0.00, 0.00, 0.00, 1.00, 0.00, 0.00, 0.00, 0.00, 0.00, 0.00, 1.00, 0.00, 0.00, 0.00
157,  0,  5.200,  0.98,  1, 0.04, 0.00, 0.00, 0.05, 0.00, 0.00, 0.07, 0.15, 0.00, 0.21, 0.00, 0.32, 0.11, 0.00, 1.21, 0.26, 0.00, 0.00, 0.00, 0.00, 1.00, 0.00, 0.00, 0.00, 1.00, 0.00, 0.00, 0.00, 0.00, 0.00, 0.00, 1.00, 0.00, 0.00, 0.00
158,  0,  5.233,  0.98,  1, 0.00, 0.00, 0.05, 0.00, 0.00, 0.00, 0.13, 0.22, 0.00, 0.11, 0.00, 0.26, 0.00, 0.00, 1.10, 0.30, 0.00, 0.00, 0.00, 0.00, 1.00, 0.00, 0.00, 0.00, 1.00, 0.00, 0.00, 0.00, 0.00, 0.00, 0.00, 1.00, 0.00, 0.00, 0.00
159,  0,  5.267,  0.98,  1, 0.00, 0.00, 0.08, 0.00, 0.00, 0.00, 0.11, 0.31, 0.00, 0.18, 0.00, 0.31, 0.00, 0.00, 1.07, 0.24, 0.00, 0.00, 0.00, 0.00, 1.00, 0.00, 0.00, 0.00, 1.00, 0.00, 0.00, 0.00, 0.00, 0.00, 0.00, 1.00, 0.00, 0.00, 0.00
160,  0,  5.300,  0.98,  1, 0.00, 0.00, 0.09, 0.00, 0.00, 0.00, 0.11, 0.36, 0.00, 0.30, 0.00, 0.26, 0.00, 0.00, 0.98, 0.10, 0.00, 0.00, 0.00, 0.00, 1.00, 0.00, 0.00, 0.00, 1.00, 0.00, 0.00, 0.00, 0.00, 0.00, 0.00, 0.00, 0.00, 0.00, 0.00
161,  0,  5.333,  0.98,  1, 0.00, 0.00, 0.04, 0.00, 0.00, 0.00, 0.10, 0.38, 0.00, 0.36, 0.00, 0.34, 0.00, 0.00, 0.72, 0.05, 0.00, 0.00, 0.00, 0.00, 1.00, 0.00, 0.00, 0.00, 1.00, 0.00, 0.00, 0.00, 0.00, 0.00, 0.00, 0.00, 0.00, 0.00, 0.00
162,  0,  5.367,  0.98,  1, 0.00, 0.00, 0.01, 0.00, 0.00, 0.00, 0.11, 0.29, 0.05, 0.53, 0.00, 0.42, 0.00, 0.00, 0.41, 0.02, 0.08, 0.00, 0.00, 0.00, 1.00, 0.00, 0.00, 0.00, 1.00, 0.00, 1.00, 0.00, 0.00, 0.00, 0.00, 0.00, 0.00, 0.00, 0.00
163,  0,  5.400,  0.98,  1, 0.00, 0.00, 0.08, 0.00, 0.00, 0.00, 0.15, 0.29, 0.04, 0.59, 0.00, 0.53, 0.01, 0.02, 0.31, 0.00, 0.08, 0.00, 0.00, 0.00, 1.00, 0.00, 0.00, 0.00, 1.00, 0.00, 1.00, 0.00, 0.00, 0.00, 0.00, 0.00, 0.00, 0.00, 0.00
164,  0,  5.433,  0.98,  1, 0.00, 0.00, 0.11, 0.00, 0.00, 0.00, 0.14, 0.28, 0.04, 0.67, 0.00, 0.64, 0.01, 0.04, 0.17, 0.00, 0.08, 0.00, 0.00, 0.00, 1.00, 0.00, 0.00, 0.00, 1.00, 0.00, 1.00, 0.00, 1.00, 0.00, 0.00, 0.00, 0.00, 0.00, 0.00
165,  0,  5.467,  0.98,  1, 0.05, 0.00, 0.21, 0.00, 0.00, 0.00, 0.18, 0.27, 0.00, 0.71, 0.00, 0.66, 0.05, 0.04, 0.17, 0.00, 0.00, 0.00, 0.00, 0.00, 1.00, 0.00, 0.00, 0.00, 0.00, 0.00, 1.00, 0.00, 1.00, 0.00, 0.00, 0.00, 0.00, 0.00, 0.00
166,  0,  5.500,  0.98,  1, 0.08, 0.04, 0.27, 0.00, 0.00, 0.00, 0.16, 0.30, 0.02, 0.58, 0.00, 0.75, 0.04, 0.09, 0.03, 0.00, 0.00, 0.00, 0.00, 0.00, 1.00, 0.00, 0.00, 0.00, 0.00, 0.00, 1.00, 0.00, 1.00, 0.00, 0.00, 0.00, 0.00, 0.00, 0.00
167,  0,  5.533,  0.98,  1, 0.10, 0.04, 0.30, 0.00, 0.00, 0.00, 0.18, 0.29, 0.05, 0.51, 0.00, 0.73, 0.04, 0.15, 0.03, 0.00, 0.00, 0.00, 0.00, 0.00, 1.00, 0.00, 0.00, 0.00, 0.00, 0.00, 1.00, 0.00, 1.00, 0.00, 0.00, 0.00, 0.00, 0.00, 0.00
168,  0,  5.567,  0.98,  1, 0.08, 0.04, 0.30, 0.00, 0.00, 0.00, 0.21, 0.31, 0.05, 0.40, 0.00, 0.77, 0.00, 0.19, 0.00, 0.00, 0.01, 0.00, 0.00, 0.00, 1.00, 0.00, 0.00, 0.00, 0.00, 0.00, 1.00, 0.00, 1.00, 0.00, 0.00, 0.00, 0.00, 0.00, 0.00
169,  0,  5.600,  0.98,  1, 0.08, 0.00, 0.29, 0.00, 0.00, 0.00, 0.21, 0.20, 0.04, 0.44, 0.00, 0.75, 0.06, 0.28, 0.00, 0.00, 0.01, 0.00, 0.00, 0.00, 1.00, 0.00, 0.00, 0.00, 0.00, 0.00, 1.00, 0.00, 1.00, 0.00, 0.00, 0.00, 0.00, 0.00, 0.00
170,  0,  5.633,  0.98,  1, 0.09, 0.00, 0.23, 0.00, 0.00, 0.00, 0.16, 0.19, 0.00, 0.51, 0.00, 0.75, 0.06, 0.27, 0.00, 0.00, 0.01, 0.00, 0.00, 0.00, 1.00, 0.00, 0.00, 0.00, 0.00, 0.00, 1.00, 0.00, 1.00, 0.00, 0.00, 0.00, 0.00, 0.00, 0.00
171,  0,  5.667,  0.98,  1, 0.17, 0.00, 0.27, 0.00, 0.00, 0.00, 0.05, 0.17, 0.00, 0.47, 0.04, 0.72, 0.06, 0.22, 0.09, 0.02, 0.04, 0.00, 0.00, 0.00, 1.00, 0.00, 0.00, 0.00, 0.00, 0.00, 1.00, 0.00, 1.00, 0.00, 0.00, 0.00, 0.00, 0.00, 0.00
172,  0,  5.700,  0.98,  1, 0.20, 0.00, 0.29, 0.00, 0.00, 0.00, 0.04, 0.20, 0.00, 0.37, 0.07, 0.63, 0.00, 0.10, 0.32, 0.06, 0.04, 0.00, 0.00, 0.00, 1.00, 0.00, 0.00, 0.00, 0.00, 0.00, 0.00, 0.00, 1.00, 0.00, 0.00, 0.00, 0.00, 0.00, 0.00
173,  0,  5.733,  0.98,  1, 0.20, 0.00, 0.35, 0.00, 0.00, 0.00, 0.04, 0.20, 0.00, 0.17, 0.18, 0.56, 0.00, 0.14, 0.59, 0.25, 0.04, 0.00, 0.00, 0.00, 1.00, 0.00, 0.00, 0.00, 0.00, 0.00, 0.00, 0.00, 1.00, 0.00, 0.00, 0.00, 0.00, 0.00, 0.00
174,  0,  5.767,  0.98,  1, 0.09, 0.00, 0.23, 0.00, 0.00, 0.00, 0.06, 0.25, 0.00, 0.04, 0.21, 0.36, 0.00, 0.14, 0.74, 0.31, 0.00, 0.00, 0.00, 0.00, 1.00, 0.00, 0.00, 0.00, 0.00, 0.00, 0.00, 0.00, 0.00, 0.00, 0.00, 0.00, 0.00, 0.00, 0.00
175,  0,  5.800,  0.98,  1, 0.03, 0.00, 0.09, 0.02, 0.00, 0.00, 0.03, 0.21, 0.00, 0.00, 0.21, 0.24, 0.00, 0.10, 0.78, 0.46, 0.00, 0.00, 0.00, 0.00, 1.00, 0.00, 0.00, 0.00, 1.00, 0.00, 0.00, 0.00, 0.00, 0.00, 0.00, 0.00, 0.00, 0.00, 0.00
176,  0,  5.833,  0.98,  1, 0.00, 0.00, 0.02, 0.05, 0.00, 0.00, 0.05, 0.17, 0.00, 0.00, 0.15, 0.08, 0.00, 0.00, 0.80, 0.45, 0.00, 0.00, 0.00, 0.00, 1.00, 0.00, 0.00, 0.00, 1.00, 0.00, 0.00, 0.00, 0.00, 0.00, 0.00, 0.00, 0.00, 0.00, 0.00
177,  0,  5.867,  0.98,  1, 0.00, 0.00, 0.00, 0.07, 0.00, 0.00, 0.03, 0.21, 0.00, 0.00, 0.07, 0.15, 0.00, 0.00, 0.82, 0.57, 0.00, 0.00, 0.00, 0.00, 1.00, 0.00, 0.00, 0.00, 1.00, 0.00, 0.00, 0.00, 0.00, 0.00, 0.00, 0.00, 0.00, 0.00, 0.00
178,  0,  5.900,  0.98,  1, 0.00, 0.00, 0.00, 0.08, 0.00, 0.00, 0.03, 0.28, 0.00, 0.00, 0.17, 0.25, 0.00, 0.00, 0.82, 0.62, 0.00, 0.00, 0.00, 0.00, 1.00, 0.00, 0.00, 0.00, 1.00, 0.00, 0.00, 0.00, 0.00, 0.00, 0.00, 0.00, 0.00, 0.00, 0.00
179,  0,  5.933,  0.98,  1, 0.05, 0.00, 0.01, 0.05, 0.00, 0.00, 0.01, 0.32, 0.02, 0.00, 0.12, 0.34, 0.00, 0.00, 0.68, 0.66, 0.30, 0.00, 0.00, 0.00, 1.00, 0.00, 0.00, 0.00, 1.00, 0.00, 0.00, 0.00, 0.00, 0.00, 0.00, 0.00, 0.00, 0.00, 0.00
180,  0,  5.967,  0.98,  1, 0.05, 0.00, 0.03, 0.03, 0.00, 0.00, 0.06, 0.41, 0.02, 0.00, 0.12, 0.39, 0.00, 0.00, 0.72, 0.69, 0.62, 0.00, 0.00, 0.00, 1.00, 0.00, 0.00, 0.00, 1.00, 0.00, 0.00, 0.00, 0.00, 0.00, 0.00, 0.00, 0.00, 0.00, 1.00
181,  0,  6.000,  0.98,  1, 0.05, 0.00, 0.09, 0.00, 0.00, 0.00, 0.09, 0.50, 0.02, 0.03, 0.00, 0.49, 0.00, 0.00, 0.73, 0.71, 1.27, 0.00, 0.00, 0.00, 1.00, 0.00, 0.00, 0.00, 1.00, 0.00, 0.00, 0.00, 0.00, 0.00, 0.00, 0.00, 0.00, 0.00, 1.00
182,  0,  6.033,  0.98,  1, 0.00, 0.00, 0.19, 0.00, 0.00, 0.00, 0.18, 0.70, 0.00, 0.11, 0.00, 0.63, 0.00, 0.00, 0.80, 0.81, 1.60, 0.00, 0.00, 0.00, 1.00, 0.00, 0.00, 0.00, 1.00, 0.00, 0.00, 0.00, 0.00, 0.00, 0.00, 0.00, 0.00, 0.00, 1.00
183,  0,  6.067,  0.98,  1, 0.00, 0.00, 0.26, 0.00, 0.00, 0.00, 0.20, 0.65, 0.00, 0.16, 0.00, 0.81, 0.01, 0.00, 0.66, 0.76, 1.90, 0.00, 0.00, 0.00, 1.00, 0.00, 0.00, 0.00, 1.00, 0.00, 0.00, 0.00, 0.00, 0.00, 0.00, 0.00, 0.00, 0.00, 1.00
184,  0,  6.100,  0.98,  1, 0.00, 0.00, 0.20, 0.00, 0.00, 0.00, 0.26, 0.60, 0.00, 0.22, 0.00, 0.85, 0.01, 0.00, 0.38, 0.60, 1.59, 0.00, 0.00, 0.00, 1.00, 0.00, 0.00, 0.00, 1.00, 0.00, 0.00, 0.00, 1.00, 0.00, 0.00, 0.00, 0.00, 0.00, 1.00
185,  0,  6.133,  0.98,  1, 0.00, 0.00, 0.13, 0.00, 0.00, 0.00, 0.22, 0.46, 0.00, 0.20, 0.00, 0.94, 0.01, 0.00, 0.16, 0.43, 1.10, 0.00, 0.00, 0.00, 1.00, 0.00, 0.00, 0.00, 1.00, 0.00, 0.00, 0.00, 1.00, 0.00, 0.00, 0.00, 0.00, 0.00, 1.00
186,  0,  6.167,  0.98,  1, 0.00, 0.00, 0.04, 0.00, 0.00, 0.00, 0.22, 0.41, 0.00, 0.19, 0.00, 1.06, 0.00, 0.02, 0.00, 0.37, 0.64, 0.00, 0.00, 0.00, 1.00, 0.00, 0.00, 0.00, 1.00, 0.00, 0.00, 0.00, 1.00, 0.00, 0.00, 0.00, 0.00, 0.00, 1.00
187,  0,  6.200,  0.98,  1, 0.05, 0.00, 0.04, 0.00, 0.00, 0.00, 0.14, 0.26, 0.00, 0.13, 0.12, 1.02, 0.09, 0.03, 0.00, 0.31, 0.36, 0.00, 0.00, 0.00, 1.00, 0.00, 0.00, 0.00, 1.00, 0.00, 0.00, 0.00, 1.00, 0.00, 0.00, 0.00, 0.00, 0.00, 1.00
188,  0,  6.233,  0.98,  1, 0.23, 0.00, 0.07, 0.00, 0.00, 0.00, 0.11, 0.11, 0.00, 0.08, 0.21, 0.85, 0.20, 0.03, 0.00, 0.16, 0.38, 0.00, 0.00, 0.00, 1.00, 0.00, 0.00, 0.00, 0.00, 0.00, 0.00, 0.00, 1.00, 0.00, 0.00, 0.00, 0.00, 0.00, 1.00
189,  0,  6.267,  0.98,  1, 0.33, 0.00, 0.13, 0.00, 0.00, 0.00, 0.05, 0.00, 0.00, 0.03, 0.27, 0.66, 0.25, 0.01, 0.00, 0.09, 0.31, 0.00, 0.00, 0.00, 1.00, 0.00, 0.00, 0.00, 0.00, 0.00, 0.00, 0.00, 1.00, 0.00, 0.00, 0.00, 0.00, 0.00, 1.00
190,  0,  6.300,  0.98,  1, 0.31, 0.00, 0.13, 0.00, 0.00, 0.00, 0.03, 0.00, 0.00, 0.02, 0.15, 0.59, 0.23, 0.00, 0.00, 0.15, 0.25, 0.00, 0.00, 0.00, 1.00, 0.00, 0.00, 0.00, 0.00, 0.00, 0.00, 0.00, 0.00, 0.00, 0.00, 0.00, 0.00, 0.00, 1.00
191,  0,  6.333,  0.98,  1, 0.19, 0.00, 0.06, 0.00, 0.00, 0.00, 0.00, 0.00, 0.00, 0.00, 0.06, 0.60, 0.20, 0.00, 0.03, 0.35, 0.08, 0.00, 0.00, 0.00, 1.00, 0.00, 0.00, 0.00, 0.00, 0.00, 0.00, 0.00, 0.00, 0.00, 0.00, 0.00, 0.00, 0.00, 1.00
192,  0,  6.367,  0.98,  1, 0.16, 0.04, 0.00, 0.00, 0.00, 0.00, 0.00, 0.00, 0.00, 0.00, 0.00, 0.38, 0.24, 0.00, 0.06, 0.55, 0.02, 0.00, 0.00, 0.00, 1.00, 0.00, 0.00, 0.00, 0.00, 0.00, 0.00, 0.00, 0.00, 0.00, 0.00, 0.00, 0.00, 0.00, 0.00
193,  0,  6.400,  0.98,  1, 0.18, 0.04, 0.00, 0.00, 0.00, 0.00, 0.00, 0.00, 0.00, 0.00, 0.00, 0.28, 0.18, 0.00, 0.06, 0.61, 0.02, 0.00, 0.00, 0.00, 1.00, 0.00, 0.00, 0.00, 0.00, 0.00, 0.00, 0.00, 0.00, 0.00, 0.00, 0.00, 0.00, 0.00, 0.00
194,  0,  6.433,  0.98,  1, 0.11, 0.04, 0.05, 0.00, 0.00, 0.00, 0.00, 0.00, 0.00, 0.00, 0.00, 0.21, 0.13, 0.02, 0.03, 0.52, 0.02, 0.00, 0.00, 0.00, 1.00, 0.00, 0.00, 0.00, 0.00, 0.00, 0.00, 0.00, 0.00, 0.00, 0.00, 0.00, 0.00, 0.00, 0.00
195,  0,  6.467,  0.98,  1, 0.05, 0.00, 0.05, 0.00, 0.00, 0.00, 0.00, 0.00, 0.00, 0.00, 0.00, 0.33, 0.08, 0.07, 0.00, 0.42, 0.00, 0.00, 0.00, 0.00, 1.00, 0.00, 0.00, 0.00, 0.00, 0.00, 0.00, 0.00, 0.00, 0.00, 0.00, 0.00, 0.00, 0.00, 0.00
196,  0,  6.500,  0.98,  1, 0.00, 0.00, 0.05, 0.00, 0.00, 0.00, 0.00, 0.03, 0.00, 0.00, 0.00, 0.37, 0.08, 0.07, 0.00, 0.45, 0.00, 0.00, 0.00, 0.00, 1.00, 0.00, 0.00, 0.00, 0.00, 0.00, 0.00, 0.00, 0.00, 0.00, 0.00, 0.00, 0.00, 0.00, 0.00
197,  0,  6.533,  0.98,  1, 0.01, 0.00, 0.00, 0.00, 0.00, 0.00, 0.00, 0.03, 0.00, 0.00, 0.00, 0.37, 0.04, 0.05, 0.05, 0.53, 0.01, 0.00, 0.00, 0.00, 1.00, 0.00, 0.00, 0.00, 0.00, 0.00, 0.00, 0.00, 0.00, 0.00, 0.00, 0.00, 0.00, 0.00, 0.00
198,  0,  6.567,  0.98,  1, 0.06, 0.00, 0.03, 0.00, 0.00, 0.00, 0.00, 0.15, 0.00, 0.00, 0.00, 0.29, 0.00, 0.00, 0.32, 0.62, 0.06, 0.00, 0.00, 0.00, 1.00, 0.00, 0.00, 0.00, 0.00, 0.00, 0.00, 0.00, 0.00, 0.00, 0.00, 0.00, 0.00, 0.00, 0.00
199,  0,  6.600,  0.98,  1, 0.06, 0.00, 0.03, 0.00, 0.00, 0.01, 0.02, 0.33, 0.00, 0.00, 0.07, 0.24, 0.01, 0.01, 0.68, 0.64, 0.06, 0.00, 0.00, 0.00, 1.00, 0.00, 0.00, 0.00, 1.00, 0.00, 0.00, 0.00, 0.00, 0.00, 0.00, 0.00, 0.00, 0.00, 0.00
200,  0,  6.633,  0.98,  1, 0.04, 0.00, 0.03, 0.00, 0.00, 0.01, 0.11, 0.59, 0.00, 0.00, 0.07, 0.44, 0.01, 0.05, 0.78, 0.54, 0.05, 0.00, 0.00, 0.00, 1.00, 0.00, 0.00, 0.00, 1.00, 0.00, 0.00, 0.00, 0.00, 0.00, 0.00, 0.00, 0.00, 0.00, 0.00
201,  0,  6.667,  0.98,  1, 0.00, 0.00, 0.03, 0.00, 0.00, 0.01, 0.22, 0.77, 0.00, 0.00, 0.16, 0.71, 0.01, 0.08, 0.61, 0.36, 0.00, 0.00, 0.00, 0.00, 1.00, 0.00, 0.00, 0.00, 1.00, 0.00, 0.00, 0.00, 1.00, 0.00, 0.00, 0.00, 0.00, 0.00, 0.00
202,  0,  6.700,  0.98,  1, 0.00, 0.00, 0.03, 0.00, 0.00, 0.00, 0.31, 0.76, 0.00, 0.00, 0.10, 0.90, 0.00, 0.10, 0.33, 0.16, 0.00, 0.00, 0.00, 0.00, 1.00, 0.00, 0.00, 0.00, 1.00, 0.00, 0.00, 0.00, 1.00, 0.00, 0.00, 0.00, 0.00, 0.00, 0.00
203,  0,  6.733,  0.98,  1, 0.00, 0.00, 0.03, 0.00, 0.00, 0.00, 0.32, 0.68, 0.03, 0.04, 0.10, 0.83, 0.01, 0.12, 0.21, 0.05, 0.00, 0.00, 0.00, 0.00, 1.00, 0.00, 0.00, 0.00, 1.00, 0.00, 0.00, 0.00, 1.00, 0.00, 0.00, 0.00, 0.00, 0.00, 0.00
204,  0,  6.767,  0.98,  1, 0.00, 0.00, 0.00, 0.00, 0.00, 0.00, 0.28, 0.40, 0.03, 0.04, 0.13, 0.76, 0.01, 0.18, 0.11, 0.08, 0.00, 0.00, 0.00, 0.00, 1.00, 0.00, 0.00, 0.00, 1.00, 0.00, 0.00, 0.00, 1.00, 0.00, 0.00, 0.00, 0.00, 0.00, 1.00
205,  0,  6.800,  0.98,  1, 0.00, 0.00, 0.00, 0.00, 0.00, 0.00, 0.29, 0.29, 0.03, 0.04, 0.25, 0.65, 0.01, 0.19, 0.03, 0.12, 0.00, 0.00, 0.00, 0.00, 1.00, 0.00, 0.00, 0.00, 0.00, 0.00, 0.00, 0.00, 1.00, 0.00, 0.00, 0.00, 0.00, 0.00, 1.00
206,  0,  6.833,  0.98,  1, 0.03, 0.00, 0.00, 0.00, 0.00, 0.00, 0.31, 0.22, 0.00, 0.00, 0.27, 0.64, 0.04, 0.14, 0.00, 0.21, 0.31, 0.00, 0.00, 0.00, 1.00, 0.00, 0.00, 0.00, 0.00, 0.00, 0.00, 0.00, 1.00, 0.00, 0.00, 0.00, 0.00, 0.00, 1.00
207,  0,  6.867,  0.98,  1, 0.03, 0.00, 0.00, 0.00, 0.00, 0.00, 0.39, 0.29, 0.08, 0.00, 0.16, 0.48, 0.07, 0.05, 0.07, 0.13, 0.70, 0.00, 0.00, 0.00, 1.00, 0.00, 0.00, 0.00, 0.00, 0.00, 0.00, 0.00, 1.00, 0.00, 0.00, 0.00, 0.00, 0.00, 1.00
208,  0,  6.900,  0.98,  1, 0.03, 0.00, 0.12, 0.00, 0.00, 0.09, 0.38, 0.34, 0.14, 0.00, 0.04, 0.52, 0.17, 0.00, 0.09, 0.09, 1.10, 0.00, 0.00, 0.00, 1.00, 0.00, 0.00, 0.00, 0.00, 0.00, 0.00, 0.00, 1.00, 0.00, 0.00, 0.00, 0.00, 0.00, 1.00
209,  0,  6.933,  0.98,  1, 0.05, 0.00, 0.20, 0.00, 0.00, 0.22, 0.36, 0.42, 0.21, 0.00, 0.10, 0.61, 0.19, 0.01, 0.15, 0.00, 0.92, 0.00, 0.00, 0.00, 1.00, 0.00, 0.00, 0.00, 1.00, 0.00, 0.00, 0.00, 1.00, 0.00, 0.00, 0.00, 0.00, 0.00, 1.00
210,  0,  6.967,  0.98,  1, 0.05, 0.00, 0.35, 0.00, 0.00, 0.27, 0.26, 0.68, 0.17, 0.11, 0.13, 0.89, 0.25, 0.06, 0.08, 0.00, 0.52, 0.00, 0.00, 0.00, 1.00, 0.00, 0.00, 0.00, 1.00, 0.00, 0.00, 1.00, 1.00, 0.00, 0.00, 0.00, 0.00, 0.00, 1.00
211,  0,  7.000,  0.98,  1, 0.05, 0.00, 0.32, 0.00, 0.00, 0.18, 0.15, 0.88, 0.19, 0.36, 0.13, 1.07, 0.22, 0.14, 0.06, 0.00, 0.22, 0.00, 0.00, 0.00, 1.00, 0.00, 0.00, 0.00, 1.00, 0.00, 0.00, 1.00, 1.00, 0.00, 0.00, 0.00, 0.00, 0.00, 1.00
212,  0,  7.033,  0.98,  1, 0.00, 0.00, 0.34, 0.00, 0.00, 0.06, 0.05, 1.07, 0.23, 0.78, 0.04, 1.14, 0.17, 0.20, 0.00, 0.00, 0.11, 0.00, 0.00, 0.00, 1.00, 0.00, 0.00, 0.00, 1.00, 0.00, 1.00, 1.00, 1.00, 0.00, 0.00, 0.00, 0.00, 0.00, 1.00
213,  0,  7.067,  0.98,  1, 0.00, 0.00, 0.19, 0.00, 0.00, 0.00, 0.00, 1.13, 0.33, 0.98, 0.07, 1.15, 0.07, 0.22, 0.00, 0.00, 0.16, 0.00, 0.00, 0.00, 1.00, 0.00, 0.00, 0.00, 1.00, 0.00, 1.00, 1.00, 1.00, 0.00, 0.00, 0.00, 0.00, 0.00, 1.00
214,  0,  7.100,  0.98,  1, 0.00, 0.00, 0.10, 0.00, 0.00, 0.00, 0.00, 1.18, 0.38, 1.06, 0.09, 1.11, 0.08, 0.15, 0.01, 0.00, 0.18, 0.00, 0.00, 0.00, 1.00, 0.00, 0.00, 0.00, 1.00, 0.00, 1.00, 1.00, 1.00, 0.00, 0.00, 0.00, 0.00, 0.00, 1.00
215,  0,  7.133,  0.98,  1, 0.00, 0.00, 0.01, 0.00, 0.00, 0.00, 0.00, 1.15, 0.34, 1.00, 0.09, 1.14, 0.31, 0.13, 0.01, 0.00, 0.29, 0.00, 0.00, 0.00, 1.00, 0.00, 0.00, 0.00, 1.00, 0.00, 1.00, 1.00, 1.00, 0.00, 0.00, 0.00, 0.00, 0.00, 0.00
216,  0,  7.167,  0.98,  1, 0.00, 0.00, 0.05, 0.00, 0.00, 0.00, 0.00, 0.91, 0.31, 1.01, 0.02, 1.19, 0.41, 0.13, 0.01, 0.00, 0.24, 0.00, 0.00, 0.00, 1.00, 0.00, 0.00, 0.00, 1.00, 0.00, 1.00, 1.00, 1.00, 0.00, 0.00, 0.00, 0.00, 0.00, 0.00
217,  0,  7.200,  0.98,  1, 0.04, 0.00, 0.09, 0.00, 0.00, 0.00, 0.00, 0.76, 0.29, 1.09, 0.06, 1.24, 0.46, 0.13, 0.00, 0.00, 0.17, 0.00, 0.00, 0.00, 1.00, 0.00, 0.00, 0.00, 1.00, 0.00, 1.00, 1.00, 1.00, 0.00, 0.00, 0.00, 0.00, 0.00, 0.00
218,  0,  7.233,  0.98,  1, 0.04, 0.00, 0.26, 0.00, 0.00, 0.00, 0.01, 0.73, 0.29, 1.03, 0.17, 1.34, 0.46, 0.16, 0.00, 0.00, 0.05, 0.00, 0.00, 0.00, 1.00, 0.00, 0.00, 0.00, 1.00, 0.00, 1.00, 1.00, 1.00, 0.00, 0.00, 0.00, 0.00, 0.00, 0.00
219,  0,  7.267,  0.98,  1, 0.13, 0.07, 0.33, 0.00, 0.00, 0.02, 0.01, 0.98, 0.29, 0.98, 0.33, 1.28, 0.51, 0.26, 0.00, 0.00, 0.05, 0.00, 0.00, 0.00, 1.00, 0.00, 0.00, 0.00, 1.00, 0.00, 1.00, 1.00, 1.00, 0.00, 0.00, 0.00, 0.00, 0.00, 0.00
220,  0,  7.300,  0.98,  1, 0.10, 0.07, 0.33, 0.00, 0.00, 0.07, 0.01, 1.08, 0.31, 0.82, 0.35, 1.26, 0.45, 0.34, 0.00, 0.00, 0.00, 0.00, 0.00, 0.00, 1.00, 0.00, 0.00, 0.00, 1.00, 0.00, 1.00, 1.00, 1.00, 0.00, 0.00, 0.00, 0.00, 0.00, 1.00
221,  0,  7.333,  0.98,  1, 0.19, 0.07, 0.16, 0.00, 0.00, 0.13, 0.00, 1.10, 0.38, 0.69, 0.31, 1.06, 0.22, 0.26, 0.00, 0.00, 0.31, 0.00, 0.00, 0.00, 1.00, 0.00, 0.00, 0.00, 1.00, 0.00, 1.00, 1.00, 1.00, 0.00, 0.00, 0.00, 0.00, 0.00, 1.00
222,  0,  7.367,  0.98,  1, 0.13, 0.00, 0.13, 0.00, 0.00, 0.11, 0.00, 1.01, 0.39, 0.53, 0.19, 0.91, 0.11, 0.09, 0.03, 0.00, 0.92, 0.00, 0.00, 0.00, 1.00, 0.00, 0.00, 0.00, 1.00, 0.00, 0.00, 1.00, 0.00, 0.00, 0.00, 0.00, 0.00, 0.00, 1.00
223,  0,  7.400,  0.98,  1, 0.12, 0.00, 0.23, 0.00, 0.03, 0.17, 0.11, 1.00, 0.40, 0.34, 0.16, 0.67, 0.13, 0.00, 0.21, 0.00, 1.45, 0.00, 0.00, 0.00, 1.00, 0.00, 0.00, 0.00, 1.00, 0.00, 0.00, 1.00, 0.00, 0.00, 0.00, 0.00, 0.00, 0.00, 1.00
224,  0,  7.433,  0.98,  1, 0.11, 0.00, 0.36, 0.00, 0.03, 0.13, 0.20, 0.93, 0.40, 0.25, 0.10, 0.47, 0.22, 0.00, 0.51, 0.00, 1.26, 0.00, 0.00, 0.00, 1.00, 0.00, 0.00, 0.00, 1.00, 0.00, 0.00, 1.00, 0.00, 0.00, 0.00, 0.00, 0.00, 0.00, 1.00
225,  0,  7.467,  0.98,  1, 0.08, 0.00, 0.28, 0.00, 0.03, 0.13, 0.27, 0.91, 0.44, 0.30, 0.09, 0.49, 0.19, 0.00, 0.55, 0.00, 0.68, 0.00, 0.00, 0.00, 1.00, 0.00, 0.00, 0.00, 1.00, 0.00, 0.00, 1.00, 0.00, 0.00, 0.00, 0.00, 0.00, 0.00, 1.00
226,  0,  7.500,  0.98,  1, 0.21, 0.00, 0.25, 0.00, 0.00, 0.01, 0.22, 0.86, 0.42, 0.55, 0.13, 0.70, 0.17, 0.06, 0.38, 0.00, 0.21, 0.00, 0.00, 0.00, 1.00, 0.00, 0.00, 0.00, 1.00, 0.00, 1.00, 1.00, 0.00, 0.00, 0.00, 0.00, 0.00, 0.00, 1.00
227,  0,  7.533,  0.98,  1, 0.18, 0.00, 0.15, 0.00, 0.00, 0.00, 0.12, 0.91, 0.41, 0.74, 0.22, 1.00, 0.14, 0.15, 0.07, 0.00, 0.09, 0.00, 0.00, 0.00, 1.00, 0.00, 0.00, 0.00, 1.00, 0.00, 1.00, 1.00, 1.00, 0.00, 0.00, 0.00, 0.00, 0.00, 1.00
228,  0,  7.567,  0.98,  1, 0.19, 0.00, 0.22, 0.00, 0.00, 0.00, 0.06, 0.89, 0.38, 0.83, 0.33, 1.09, 0.19, 0.33, 0.00, 0.00, 0.05, 0.00, 0.00, 0.00, 1.00, 0.00, 0.00, 0.00, 1.00, 0.00, 1.00, 1.00, 1.00, 0.00, 0.00, 0.00, 0.00, 0.00, 1.00
229,  0,  7.600,  0.98,  1, 0.14, 0.00, 0.18, 0.00, 0.00, 0.00, 0.00, 0.83, 0.36, 0.77, 0.41, 1.13, 0.15, 0.44, 0.00, 0.00, 0.00, 0.00, 0.00, 0.00, 1.00, 0.00, 0.00, 0.00, 1.00, 0.00, 1.00, 1.00, 1.00, 0.00, 0.00, 0.00, 0.00, 0.00, 1.00
230,  0,  7.633,  0.98,  1, 0.19, 0.00, 0.18, 0.00, 0.00, 0.00, 0.00, 0.75, 0.29, 0.63, 0.44, 0.85, 0.08, 0.43, 0.03, 0.00, 0.00, 0.00, 0.00, 0.00, 1.00, 0.00, 0.00, 0.00, 1.00, 0.00, 1.00, 1.00, 1.00, 0.00, 0.00, 0.00, 0.00, 0.00, 1.00
231,  0,  7.667,  0.98,  1, 0.32, 0.00, 0.15, 0.00, 0.00, 0.00, 0.00, 0.54, 0.15, 0.38, 0.45, 0.53, 0.02, 0.28, 0.23, 0.05, 0.00, 0.00, 0.00, 0.00, 1.00, 0.00, 0.00, 0.00, 1.00, 0.00, 0.00, 0.00, 0.00, 0.00, 0.00, 0.00, 0.00, 0.00, 1.00
232,  0,  7.700,  0.98,  1, 0.25, 0.00, 0.13, 0.00, 0.00, 0.00, 0.00, 0.35, 0.05, 0.13, 0.46, 0.20, 0.00, 0.21, 0.42, 0.19, 0.00, 0.00, 0.00, 0.00, 1.00, 0.00, 0.00, 0.00, 0.00, 0.00, 0.00, 0.00, 0.00, 0.00, 0.00, 0.00, 1.00, 0.00, 0.00
233,  0,  7.733,  0.98,  1, 0.19, 0.00, 0.13, 0.00, 0.00, 0.00, 0.00, 0.17, 0.00, 0.00, 0.42, 0.08, 0.00, 0.20, 0.57, 0.29, 0.00, 0.00, 0.00, 0.00, 1.00, 0.00, 0.00, 0.00, 0.00, 0.00, 0.00, 0.00, 0.00, 0.00, 0.00, 0.00, 1.00, 0.00, 0.00
234,  0,  7.767,  0.98,  1, 0.05, 0.00, 0.14, 0.00, 0.00, 0.00, 0.00, 0.17, 0.00, 0.00, 0.38, 0.04, 0.00, 0.21, 0.58, 0.36, 0.00, 0.00, 0.00, 0.00, 1.00, 0.00, 0.00, 0.00, 0.00, 0.00, 0.00, 0.00, 0.00, 0.00, 0.00, 0.00, 1.00, 0.00, 0.00
235,  0,  7.800,  0.98,  1, 0.09, 0.00, 0.20, 0.00, 0.00, 0.00, 0.00, 0.41, 0.04, 0.00, 0.46, 0.00, 0.00, 0.11, 0.70, 0.32, 0.00, 0.00, 0.00, 0.00, 1.00, 0.00, 0.00, 0.00, 0.00, 0.00, 0.00, 0.00, 0.00, 0.00, 0.00, 0.00, 1.00, 0.00, 0.00
236,  0,  7.833,  0.98,  1, 0.05, 0.00, 0.19, 0.00, 0.00, 0.00, 0.03, 0.63, 0.13, 0.00, 0.48, 0.13, 0.00, 0.05, 0.79, 0.35, 0.02, 0.00, 0.00, 0.00, 1.00, 0.00, 0.00, 0.00, 1.00, 0.00, 0.00, 0.00, 0.00, 0.00, 0.00, 0.00, 0.00, 0.00, 0.00
237,  0,  7.867,  0.98,  1, 0.05, 0.00, 0.17, 0.00, 0.00, 0.00, 0.03, 0.71, 0.21, 0.02, 0.52, 0.27, 0.00, 0.00, 0.74, 0.28, 0.02, 0.00, 0.00, 0.00, 1.00, 0.00, 0.00, 0.00, 1.00, 0.00, 0.00, 0.00, 0.00, 0.00, 0.00, 0.00, 0.00, 0.00, 0.00
238,  0,  7.900,  0.98,  1, 0.00, 0.00, 0.06, 0.00, 0.00, 0.00, 0.04, 0.68, 0.25, 0.04, 0.45, 0.40, 0.00, 0.00, 0.54, 0.25, 0.02, 0.00, 0.00, 0.00, 1.00, 0.00, 0.00, 0.00, 1.00, 0.00, 0.00, 0.00, 0.00, 0.00, 0.00, 0.00, 0.00, 0.00, 0.00
239,  0,  7.933,  0.98,  1, 0.00, 0.00, 0.08, 0.00, 0.00, 0.00, 0.01, 0.76, 0.28, 0.08, 0.48, 0.39, 0.00, 0.03, 0.33, 0.17, 0.00, 0.00, 0.00, 0.00, 1.00, 0.00, 0.00, 0.00, 1.00, 0.00, 0.00, 0.00, 0.00, 0.00, 0.00, 0.00, 0.00, 0.00, 0.00
240,  0,  7.967,  0.98,  1, 0.00, 0.00, 0.04, 0.00, 0.00, 0.00, 0.05, 0.72, 0.19, 0.07, 0.42, 0.53, 0.00, 0.09, 0.30, 0.41, 0.00, 0.00, 0.00, 0.00, 1.00, 0.00, 0.00, 0.00, 1.00, 0.00, 0.00, 1.00, 0.00, 0.00, 0.00, 0.00, 0.00, 0.00, 0.00
241,  0,  8.000,  0.98,  1, 0.00, 0.00, 0.04, 0.00, 0.00, 0.00, 0.04, 0.60, 0.12, 0.04, 0.40, 0.58, 0.01, 0.09, 0.31, 0.52, 0.00, 0.00, 0.00, 0.00, 1.00, 0.00, 0.00, 0.00, 1.00, 0.00, 0.00, 1.00, 0.00, 0.00, 0.00, 0.00, 0.00, 0.00, 0.00
242,  0,  8.033,  0.98,  1, 0.00, 0.00, 0.00, 0.00, 0.00, 0.00, 0.11, 0.42, 0.01, 0.03, 0.32, 0.63, 0.01, 0.06, 0.29, 0.68, 0.00, 0.00, 0.00, 0.00, 1.00, 0.00, 0.00, 0.00, 1.00, 0.00, 0.00, 1.00, 0.00, 0.00, 0.00, 0.00, 0.00, 0.00, 1.00
243,  0,  8.067,  0.98,  1, 0.00, 0.00, 0.00, 0.00, 0.00, 0.00, 0.17, 0.42, 0.01, 0.11, 0.35, 0.56, 0.01, 0.00, 0.22, 0.44, 0.00, 0.00, 0.00, 0.00, 1.00, 0.00, 0.00, 0.00, 1.00, 0.00, 0.00, 1.00, 0.00, 0.00, 0.00, 0.00, 0.00, 0.00, 0.00
244,  0,  8.100,  0.98,  1, 0.00, 0.00, 0.09, 0.00, 0.00, 0.03, 0.28, 0.45, 0.00, 0.22, 0.31, 0.57, 0.07, 0.00, 0.14, 0.39, 0.00, 0.00, 0.00, 0.00, 1.00, 0.00, 0.00, 0.00, 1.00, 0.00, 0.00, 1.00, 0.00, 0.00, 0.00, 0.00, 0.00, 0.00, 0.00
245,  0,  8.133,  0.98,  1, 0.00, 0.00, 0.16, 0.00, 0.00, 0.03, 0.27, 0.53, 0.00, 0.19, 0.40, 0.68, 0.07, 0.09, 0.11, 0.35, 0.00, 0.00, 0.00, 0.00, 1.00, 0.00, 0.00, 0.00, 1.00, 0.00, 0.00, 1.00, 0.00, 0.00, 0.00, 0.00, 0.00, 0.00, 0.00
246,  0,  8.167,  0.98,  1, 0.00, 0.00, 0.16, 0.00, 0.00, 0.03, 0.18, 0.55, 0.00, 0.12, 0.48, 0.76, 0.07, 0.12, 0.06, 0.38, 0.00, 0.00, 0.00, 0.00, 1.00, 0.00, 0.00, 0.00, 1.00, 0.00, 0.00, 1.00, 1.00, 0.00, 0.00, 0.00, 0.00, 0.00, 0.00
247,  0,  8.200,  0.98,  1, 0.00, 0.00, 0.11, 0.00, 0.00, 0.00, 0.17, 0.52, 0.00, 0.07, 0.42, 0.79, 0.04, 0.12, 0.00, 0.46, 0.00, 0.00, 0.00, 0.00, 1.00, 0.00, 0.00, 0.00, 1.00, 0.00, 0.00, 1.00, 1.00, 0.00, 0.00, 0.00, 0.00, 0.00, 0.00
248,  0,  8.233,  0.98,  1, 0.00, 0.00, 0.04, 0.00, 0.00, 0.00, 0.11, 0.50, 0.00, 0.21, 0.27, 0.71, 0.04, 0.03, 0.00, 0.33, 0.00, 0.00, 0.00, 0.00, 1.00, 0.00, 0.00, 0.00, 1.00, 0.00, 0.00, 1.00, 1.00, 0.00, 0.00, 0.00, 0.00, 0.00, 0.00
249,  0,  8.267,  0.98,  1, 0.00, 0.00, 0.21, 0.00, 0.00, 0.00, 0.11, 0.60, 0.00, 0.21, 0.13, 0.69, 0.04, 0.03, 0.00, 0.41, 0.00, 0.00, 0.00, 0.00, 1.00, 0.00, 0.00, 0.00, 1.00, 0.00, 0.00, 1.00, 1.00, 0.00, 0.00, 0.00, 0.00, 0.00, 0.00
250,  0,  8.300,  0.98,  1, 0.00, 0.00, 0.35, 0.00, 0.00, 0.00, 0.02, 0.73, 0.05, 0.22, 0.17, 0.76, 0.00, 0.14, 0.00, 0.26, 0.00, 0.00, 0.00, 0.00, 1.00, 0.00, 0.00, 0.00, 1.00, 0.00, 0.00, 1.00, 1.00, 0.00, 0.00, 0.00, 0.00, 0.00, 0.00
251,  0,  8.333,  0.98,  1, 0.00, 0.00, 0.46, 0.00, 0.00, 0.00, 0.02, 0.75, 0.05, 0.15, 0.22, 0.81, 0.00, 0.26, 0.00, 0.29, 0.00, 0.00, 0.00, 0.00, 1.00, 0.00, 0.00, 0.00, 1.00, 0.00, 0.00, 1.00, 1.00, 0.00, 0.00, 0.00, 0.00, 0.00, 0.00
252,  0,  8.367,  0.98,  1, 0.00, 0.00, 0.30, 0.00, 0.00, 0.00, 0.02, 0.54, 0.05, 0.22, 0.16, 0.73, 0.05, 0.28, 0.00, 0.12, 0.00, 0.00, 0.00, 0.00, 1.00, 0.00, 0.00, 0.00, 1.00, 0.00, 1.00, 0.00, 1.00, 0.00, 0.00, 0.00, 0.00, 0.00, 0.00
253,  0,  8.400,  0.98,  1, 0.00, 0.00, 0.12, 0.00, 0.00, 0.00, 0.06, 0.29, 0.01, 0.26, 0.05, 0.66, 0.07, 0.20, 0.00, 0.05, 0.02, 0.00, 0.00, 0.00, 1.00, 0.00, 0.00, 0.00, 1.00, 0.00, 1.00, 0.00, 1.00, 0.00, 0.00, 0.00, 0.00, 0.00, 0.00
254,  0,  8.433,  0.98,  1, 0.00, 0.00, 0.04, 0.00, 0.00, 0.00, 0.06, 0.10, 0.00, 0.29, 0.00, 0.64, 0.07, 0.08, 0.00, 0.00, 0.06, 0.00, 0.00, 0.00, 1.00, 0.00, 0.00, 0.00, 1.00, 0.00, 1.00, 0.00, 1.00, 0.00, 0.00, 0.00, 0.00, 0.00, 0.00
255,  0,  8.467,  0.98,  1, 0.00, 0.00, 0.19, 0.00, 0.00, 0.00, 0.04, 0.18, 0.00, 0.29, 0.02, 0.71, 0.02, 0.10, 0.00, 0.00, 0.06, 0.00, 0.00, 0.00, 1.00, 0.00, 0.00, 0.00, 1.00, 0.00, 1.00, 0.00, 1.00, 0.00, 0.00, 0.00, 0.00, 0.00, 0.00
256,  0,  8.500,  0.98,  1, 0.00, 0.06, 0.32, 0.00, 0.00, 0.09, 0.00, 0.31, 0.00, 0.18, 0.02, 0.71, 0.00, 0.13, 0.00, 0.05, 0.04, 0.00, 0.00, 0.00, 1.00, 0.00, 0.00, 0.00, 1.00, 0.00, 1.00, 0.00, 1.00, 0.00, 0.00, 0.00, 0.00, 0.00, 0.00
257,  0,  8.533,  0.98,  1, 0.00, 0.06, 0.31, 0.00, 0.00, 0.10, 0.00, 0.31, 0.00, 0.08, 0.02, 0.54, 0.00, 0.13, 0.00, 0.06, 0.00, 0.00, 0.00, 0.00, 1.00, 0.00, 0.00, 0.00, 1.00, 0.00, 0.00, 0.00, 0.00, 0.00, 0.00, 0.00, 0.00, 0.00, 0.00
258,  0,  8.567,  0.98,  1, 0.00, 0.09, 0.25, 0.00, 0.00, 0.10, 0.00, 0.28, 0.02, 0.00, 0.00, 0.30, 0.00, 0.07, 0.12, 0.06, 0.00, 0.00, 0.00, 0.00, 1.00, 0.00, 0.00, 0.00, 1.00, 0.00, 0.00, 0.00, 0.00, 0.00, 0.00, 0.00, 0.00, 0.00, 0.00
259,  0,  8.600,  0.98,  1, 0.00, 0.08, 0.12, 0.00, 0.00, 0.01, 0.00, 0.14, 0.02, 0.00, 0.15, 0.14, 0.00, 0.00, 0.32, 0.14, 0.00, 0.00, 0.00, 0.00, 1.00, 0.00, 0.00, 0.00, 1.00, 0.00, 0.00, 0.00, 0.00, 0.00, 0.00, 0.00, 0.00, 0.00, 0.00
260,  0,  8.633,  0.98,  1, 0.05, 0.18, 0.09, 0.00, 0.00, 0.00, 0.00, 0.11, 0.02, 0.00, 0.22, 0.06, 0.00, 0.00, 0.60, 0.29, 0.00, 0.00, 0.00, 0.00, 1.00, 0.00, 0.00, 0.00, 1.00, 0.00, 0.00, 0.00, 0.00, 0.00, 0.00, 0.00, 0.00, 0.00, 0.00
261,  0,  8.667,  0.98,  1, 0.07, 0.21, 0.04, 0.00, 0.00, 0.00, 0.03, 0.08, 0.00, 0.00, 0.23, 0.04, 0.00, 0.00, 0.64, 0.41, 0.00, 0.00, 0.00, 0.00, 1.00, 0.00, 0.00, 0.00, 1.00, 0.00, 0.00, 0.00, 0.00, 0.00, 0.00, 0.00, 0.00, 0.00, 0.00
262,  0,  8.700,  0.98,  1, 0.07, 0.16, 0.10, 0.00, 0.00, 0.00, 0.03, 0.10, 0.00, 0.00, 0.14, 0.00, 0.00, 0.00, 0.59, 0.42, 0.00, 0.00, 0.00, 0.00, 1.00, 0.00, 0.00, 0.00, 1.00, 0.00, 0.00, 0.00, 0.00, 0.00, 0.00, 0.00, 0.00, 0.00, 0.00
263,  0,  8.733,  0.98,  1, 0.02, 0.06, 0.25, 0.02, 0.00, 0.02, 0.03, 0.11, 0.00, 0.00, 0.11, 0.00, 0.00, 0.02, 0.50, 0.36, 0.00, 0.00, 0.00, 0.00, 1.00, 0.00, 0.00, 0.00, 1.00, 0.00, 0.00, 0.00, 0.00, 0.00, 0.00, 0.00, 0.00, 0.00, 0.00
264,  0,  8.767,  0.98,  1, 0.00, 0.13, 0.34, 0.05, 0.00, 0.03, 0.00, 0.05, 0.00, 0.00, 0.10, 0.07, 0.00, 0.09, 0.53, 0.32, 0.00, 0.00, 0.00, 0.00, 1.00, 0.00, 0.00, 0.00, 1.00, 0.00, 0.00, 0.00, 0.00, 0.00, 0.00, 0.00, 0.00, 0.00, 0.00
265,  0,  8.800,  0.98,  1, 0.00, 0.16, 0.33, 0.05, 0.00, 0.18, 0.00, 0.03, 0.07, 0.10, 0.14, 0.15, 0.00, 0.21, 0.38, 0.29, 0.00, 0.00, 0.00, 0.00, 1.00, 0.00, 0.00, 0.00, 1.00, 0.00, 0.00, 0.00, 0.00, 0.00, 0.00, 0.00, 0.00, 0.00, 0.00
266,  0,  8.833,  0.98,  1, 0.00, 0.20, 0.31, 0.03, 0.00, 0.19, 0.00, 0.02, 0.12, 0.27, 0.11, 0.23, 0.00, 0.19, 0.22, 0.17, 0.00, 0.00, 0.00, 0.00, 1.00, 0.00, 0.00, 0.00, 1.00, 0.00, 1.00, 0.00, 0.00, 0.00, 0.00, 0.00, 0.00, 0.00, 0.00
267,  0,  8.867,  0.98,  1, 0.00, 0.17, 0.47, 0.00, 0.00, 0.24, 0.00, 0.05, 0.12, 0.37, 0.20, 0.32, 0.00, 0.19, 0.07, 0.10, 0.00, 0.00, 0.00, 0.00, 1.00, 0.00, 0.00, 0.00, 1.00, 0.00, 1.00, 0.00, 0.00, 0.00, 0.00, 0.00, 0.00, 0.00, 0.00
268,  0,  8.900,  0.98,  1, 0.00, 0.21, 0.53, 0.00, 0.00, 0.10, 0.00, 0.08, 0.05, 0.40, 0.13, 0.26, 0.00, 0.11, 0.11, 0.00, 0.00, 0.00, 0.00, 0.00, 1.00, 0.00, 0.00, 0.00, 0.00, 0.00, 1.00, 0.00, 0.00, 0.00, 0.00, 0.00, 0.00, 0.00, 0.00
269,  0,  8.933,  0.98,  1, 0.00, 0.24, 0.56, 0.07, 0.00, 0.11, 0.00, 0.12, 0.00, 0.50, 0.14, 0.22, 0.00, 0.11, 0.08, 0.00, 0.14, 0.00, 0.00, 1.00, 1.00, 0.00, 0.00, 0.00, 0.00, 0.00, 1.00, 0.00, 0.00, 0.00, 0.00, 0.00, 0.00, 0.00, 0.00
270,  0,  8.967,  0.98,  1, 0.00, 0.35, 0.42, 0.07, 0.00, 0.05, 0.00, 0.13, 0.01, 0.71, 0.07, 0.05, 0.00, 0.05, 0.06, 0.00, 0.14, 0.00, 0.00, 1.00, 1.00, 0.00, 0.00, 0.00, 0.00, 0.00, 1.00, 0.00, 0.00, 0.00, 0.00, 0.00, 0.00, 0.00, 0.00
271,  0,  9.000,  0.98,  1, 0.00, 0.32, 0.51, 0.07, 0.00, 0.05, 0.02, 0.28, 0.01, 0.62, 0.27, 0.34, 0.00, 0.22, 0.00, 0.11, 0.14, 0.00, 0.00, 1.00, 1.00, 0.00, 0.00, 0.00, 1.00, 0.00, 1.00, 0.00, 1.00, 0.00, 0.00, 0.00, 0.00, 0.00, 0.00
272,  0,  9.033,  0.98,  1, 0.00, 0.41, 0.45, 0.00, 0.00, 0.08, 0.02, 0.36, 0.03, 0.48, 0.34, 0.70, 0.00, 0.50, 0.00, 0.25, 0.00, 0.00, 0.00, 1.00, 1.00, 0.00, 0.00, 0.00, 1.00, 0.00, 1.00, 0.00, 1.00, 0.00, 0.00, 0.00, 0.00, 0.00, 0.00
273,  0,  9.067,  0.98,  1, 0.00, 0.21, 0.37, 0.00, 0.00, 0.10, 0.02, 0.48, 0.03, 0.36, 0.45, 1.07, 0.00, 0.70, 0.00, 0.38, 0.00, 0.00, 0.00, 1.00, 1.00, 0.00, 0.00, 0.00, 1.00, 0.00, 1.00, 0.00, 1.00, 0.00, 0.00, 0.00, 0.00, 0.00, 0.00
274,  0,  9.100,  0.98,  1, 0.01, 0.27, 0.32, 0.00, 0.00, 0.12, 0.00, 0.54, 0.05, 0.49, 0.32, 1.17, 0.00, 0.67, 0.00, 0.35, 0.00, 0.00, 0.00, 1.00, 1.00, 0.00, 0.00, 0.00, 1.00, 0.00, 1.00, 0.00, 1.00, 0.00, 0.00, 0.00, 0.00, 0.00, 0.00
275,  0,  9.133,  0.98,  1, 0.01, 0.10, 0.29, 0.00, 0.00, 0.04, 0.00, 0.60, 0.08, 0.51, 0.24, 1.26, 0.00, 0.60, 0.00, 0.32, 0.00, 0.00, 0.00, 0.00, 1.00, 0.00, 0.00, 0.00, 1.00, 0.00, 1.00, 0.00, 1.00, 0.00, 0.00, 0.00, 0.00, 0.00, 0.00
276,  0,  9.167,  0.98,  1, 0.01, 0.10, 0.31, 0.00, 0.00, 0.02, 0.00, 0.46, 0.07, 0.39, 0.12, 1.17, 0.00, 0.55, 0.00, 0.26, 0.00, 0.00, 0.00, 0.00, 1.00, 0.00, 0.00, 0.00, 1.00, 0.00, 1.00, 0.00, 1.00, 0.00, 1.00, 0.00, 0.00, 0.00, 0.00
277,  0,  9.200,  0.98,  1, 0.00, 0.00, 0.23, 0.00, 0.00, 0.00, 0.00, 0.27, 0.05, 0.29, 0.03, 1.04, 0.00, 0.55, 0.00, 0.21, 0.00, 0.00, 0.00, 0.00, 1.00, 0.00, 0.00, 0.00, 1.00, 0.00, 1.00, 0.00, 1.00, 0.00, 1.00, 0.00, 0.00, 0.00, 0.00
278,  0,  9.233,  0.98,  1, 0.00, 0.00, 0.26, 0.00, 0.00, 0.00, 0.00, 0.10, 0.00, 0.17, 0.02, 0.83, 0.00, 0.51, 0.00, 0.13, 0.00, 0.00, 0.00, 0.00, 1.00, 0.00, 0.00, 0.00, 1.00, 0.00, 1.00, 0.00, 1.00, 0.00, 0.00, 0.00, 0.00, 0.00, 0.00
279,  0,  9.267,  0.98,  1, 0.00, 0.00, 0.29, 0.00, 0.00, 0.00, 0.00, 0.13, 0.00, 0.14, 0.02, 0.73, 0.00, 0.52, 0.00, 0.06, 0.00, 0.00, 0.00, 0.00, 1.00, 0.00, 1.00, 0.00, 1.00, 0.00, 1.00, 0.00, 1.00, 0.00, 0.00, 0.00, 0.00, 0.00, 0.00
280,  0,  9.300,  0.98,  1, 0.00, 0.00, 0.34, 0.00, 0.00, 0.01, 0.03, 0.13, 0.03, 0.12, 0.02, 0.68, 0.00, 0.46, 0.00, 0.04, 0.00, 0.00, 0.00, 0.00, 1.00, 0.00, 1.00, 0.00, 0.00, 0.00, 1.00, 0.00, 1.00, 0.00, 0.00, 0.00, 0.00, 0.00, 0.00
281,  0,  9.333,  0.98,  1, 0.00, 0.00, 0.31, 0.00, 0.00, 0.13, 0.06, 0.13, 0.06, 0.19, 0.05, 0.66, 0.00, 0.45, 0.00, 0.00, 0.00, 0.00, 0.00, 0.00, 1.00, 0.00, 1.00, 0.00, 0.00, 0.00, 1.00, 0.00, 1.00, 0.00, 1.00, 0.00, 0.00, 0.00, 0.00
282,  0,  9.367,  0.98,  1, 0.00, 0.00, 0.35, 0.00, 0.00, 0.37, 0.06, 0.11, 0.06, 0.22, 0.11, 0.82, 0.00, 0.45, 0.00, 0.00, 0.00, 0.00, 0.00, 0.00, 1.00, 0.00, 1.00, 0.00, 0.00, 0.00, 1.00, 0.00, 1.00, 0.00, 1.00, 0.00, 0.00, 0.00, 0.00
283,  0,  9.400,  0.98,  1, 0.00, 0.00, 0.39, 0.00, 0.00, 0.51, 0.03, 0.23, 0.14, 0.41, 0.29, 1.01, 0.00, 0.46, 0.00, 0.00, 0.00, 0.00, 0.00, 0.00, 1.00, 0.00, 1.00, 0.00, 0.00, 0.00, 1.00, 0.00, 1.00, 0.00, 0.00, 0.00, 0.00, 0.00, 0.00
284,  0,  9.433,  0.98,  1, 0.00, 0.00, 0.44, 0.00, 0.00, 0.56, 0.00, 0.24, 0.24, 0.50, 0.36, 1.06, 0.00, 0.40, 0.00, 0.00, 0.00, 0.00, 0.00, 0.00, 1.00, 0.00, 1.00, 0.00, 0.00, 0.00, 1.00, 0.00, 1.00, 0.00, 0.00, 0.00, 0.00, 0.00, 0.00
285,  0,  9.467,  0.98,  1, 0.00, 0.00, 0.42, 0.00, 0.00, 0.41, 0.00, 0.20, 0.35, 0.58, 0.41, 0.98, 0.00, 0.33, 0.00, 0.00, 0.00, 0.00, 0.00, 0.00, 1.00, 0.00, 1.00, 0.00, 0.00, 0.00, 1.00, 0.00, 1.00, 0.00, 0.00, 0.00, 0.00, 0.00, 0.00
286,  0,  9.500,  0.98,  1, 0.00, 0.04, 0.37, 0.00, 0.00, 0.25, 0.00, 0.08, 0.26, 0.55, 0.28, 0.70, 0.00, 0.25, 0.00, 0.00, 0.00, 0.00, 0.00, 0.00, 1.00, 0.00, 1.00, 0.00, 0.00, 0.00, 1.00, 0.00, 1.00, 0.00, 1.00, 0.00, 0.00, 0.00, 0.00
287,  0,  9.533,  0.98,  1, 0.00, 0.11, 0.41, 0.00, 0.00, 0.09, 0.00, 0.06, 0.13, 0.60, 0.20, 0.56, 0.00, 0.17, 0.00, 0.00, 0.00, 0.00, 0.00, 1.00, 1.00, 0.00, 1.00, 0.00, 0.00, 0.00, 1.00, 0.00, 1.00, 0.00, 0.00, 0.00, 0.00, 0.00, 0.00
288,  0,  9.567,  0.98,  1, 0.04, 0.32, 0.50, 0.00, 0.00, 0.00, 0.00, 0.06, 0.01, 0.68, 0.12, 0.47, 0.00, 0.13, 0.00, 0.00, 0.00, 0.00, 0.00, 1.00, 1.00, 0.00, 1.00, 0.00, 0.00, 0.00, 1.00, 0.00, 1.00, 0.00, 0.00, 0.00, 0.00, 0.00, 0.00
289,  0,  9.600,  0.98,  1, 0.05, 0.52, 0.65, 0.00, 0.00, 0.00, 0.00, 0.03, 0.00, 0.66, 0.21, 0.46, 0.00, 0.08, 0.00, 0.00, 0.00, 0.00, 0.00, 1.00, 1.00, 0.00, 1.00, 0.00, 0.00, 0.00, 1.00, 0.00, 1.00, 0.00, 0.00, 0.00, 0.00, 0.00, 0.00
290,  0,  9.633,  0.98,  1, 0.13, 0.66, 0.72, 0.00, 0.00, 0.00, 0.00, 0.00, 0.00, 0.70, 0.27, 0.44, 0.00, 0.07, 0.00, 0.00, 0.00, 0.00, 0.00, 1.00, 1.00, 0.00, 1.00, 0.00, 0.00, 0.00, 1.00, 0.00, 1.00, 0.00, 0.00, 0.00, 0.00, 0.00, 0.00
291,  0,  9.667,  0.98,  1, 0.21, 0.64, 0.66, 0.00, 0.00, 0.00, 0.00, 0.00, 0.00, 0.58, 0.33, 0.38, 0.00, 0.05, 0.00, 0.00, 0.00, 0.00, 0.00, 1.00, 1.00, 0.00, 1.00, 0.00, 0.00, 0.00, 1.00, 0.00, 1.00, 0.00, 0.00, 0.00, 0.00, 0.00, 0.00
292,  0,  9.700,  0.98,  1, 0.28, 0.57, 0.57, 0.06, 0.00, 0.02, 0.00, 0.00, 0.00, 0.45, 0.20, 0.34, 0.00, 0.04, 0.00, 0.00, 0.04, 0.00, 0.00, 1.00, 1.00, 0.00, 1.00, 0.00, 0.00, 0.00, 1.00, 0.00, 1.00, 0.00, 0.00, 0.00, 0.00, 0.00, 0.00
293,  0,  9.733,  0.98,  1, 0.25, 0.50, 0.45, 0.09, 0.00, 0.03, 0.00, 0.00, 0.00, 0.28, 0.10, 0.32, 0.00, 0.06, 0.00, 0.05, 0.06, 0.00, 1.00, 1.00, 1.00, 0.00, 1.00, 0.00, 0.00, 0.00, 1.00, 0.00, 1.00, 0.00, 0.00, 0.00, 0.00, 0.00, 0.00
294,  0,  9.767,  0.98,  1, 0.14, 0.35, 0.35, 0.14, 0.00, 0.10, 0.00, 0.00, 0.00, 0.27, 0.01, 0.36, 0.00, 0.04, 0.00, 0.07, 0.11, 0.00, 1.00, 0.00, 1.00, 0.00, 1.00, 0.00, 0.00, 0.00, 1.00, 0.00, 1.00, 0.00, 0.00, 0.00, 0.00, 0.00, 0.00
295,  0,  9.800,  0.98,  1, 0.06, 0.34, 0.31, 0.08, 0.00, 0.24, 0.00, 0.00, 0.00, 0.45, 0.07, 0.47, 0.00, 0.09, 0.00, 0.24, 0.08, 0.00, 1.00, 0.00, 1.00, 0.00, 1.00, 0.00, 0.00, 0.00, 1.00, 0.00, 1.00, 0.00, 0.00, 0.00, 0.00, 0.00, 0.00
296,  0,  9.833,  0.98,  1, 0.01, 0.34, 0.28, 0.05, 0.00, 0.39, 0.00, 0.00, 0.00, 0.58, 0.13, 0.46, 0.00, 0.12, 0.00, 0.48, 0.05, 0.00, 1.00, 0.00, 1.00, 0.00, 1.00, 0.00, 0.00, 0.00, 1.00, 0.00, 1.00, 0.00, 0.00, 0.00, 0.00, 0.00, 0.00
297,  0,  9.867,  0.98,  1, 0.02, 0.41, 0.33, 0.08, 0.00, 0.37, 0.00, 0.00, 0.00, 0.59, 0.13, 0.47, 0.00, 0.18, 0.00, 0.72, 0.06, 0.00, 1.00, 0.00, 1.00, 0.00, 0.00, 0.00, 0.00, 0.00, 1.00, 0.00, 1.00, 0.00, 0.00, 0.00, 0.00, 0.00, 0.00
298,  0,  9.900,  0.98,  1, 0.01, 0.37, 0.30, 0.15, 0.00, 0.25, 0.00, 0.00, 0.00, 0.52, 0.06, 0.36, 0.00, 0.16, 0.00, 0.83, 0.06, 0.00, 1.00, 0.00, 1.00, 0.00, 0.00, 0.00, 0.00, 0.00, 1.00, 0.00, 1.00, 0.00, 0.00, 0.00, 0.00, 0.00, 0.00
299,  0,  9.933,  0.98,  1, 0.01, 0.43, 0.30, 0.15, 0.00, 0.10, 0.00, 0.00, 0.00, 0.47, 0.00, 0.33, 0.00, 0.11, 0.00, 0.74, 0.09, 0.00, 1.00, 0.00, 1.00, 0.00, 0.00, 0.00, 0.00, 0.00, 1.00, 0.00, 1.00, 0.00, 0.00, 0.00, 0.00, 0.00, 0.00
300,  0,  9.967,  0.98,  1, 0.00, 0.32, 0.32, 0.07, 0.00, 0.05, 0.00, 0.00, 0.00, 0.39, 0.00, 0.32, 0.00, 0.13, 0.00, 0.77, 0.04, 0.00, 1.00, 0.00, 1.00, 0.00, 0.00, 0.00, 0.00, 0.00, 1.00, 0.00, 1.00, 0.00, 0.00, 0.00, 0.00, 0.00, 0.00
301,  0,  10.000,  0.98,  1, 0.00, 0.20, 0.34, 0.00, 0.00, 0.00, 0.00, 0.00, 0.00, 0.21, 0.00, 0.43, 0.00, 0.24, 0.00, 0.75, 0.04, 0.00, 0.00, 1.00, 1.00, 0.00, 0.00, 0.00, 0.00, 0.00, 1.00, 0.00, 1.00, 0.00, 0.00, 0.00, 0.00, 0.00, 0.00
302,  0,  10.033,  0.98,  1, 0.00, 0.00, 0.40, 0.00, 0.00, 0.00, 0.00, 0.00, 0.00, 0.06, 0.00, 0.54, 0.00, 0.35, 0.00, 0.86, 0.01, 0.00, 0.00, 1.00, 1.00, 0.00, 0.00, 0.00, 0.00, 0.00, 1.00, 0.00, 0.00, 0.00, 0.00, 0.00, 0.00, 0.00, 0.00
303,  0,  10.067,  0.98,  1, 0.00, 0.00, 0.36, 0.00, 0.00, 0.00, 0.00, 0.00, 0.00, 0.02, 0.00, 0.57, 0.00, 0.36, 0.00, 0.89, 0.00, 0.00, 0.00, 1.00, 1.00, 0.00, 0.00, 0.00, 0.00, 0.00, 1.00, 0.00, 0.00, 0.00, 0.00, 0.00, 0.00, 0.00, 0.00
304,  0,  10.100,  0.98,  1, 0.00, 0.00, 0.35, 0.05, 0.00, 0.06, 0.00, 0.00, 0.00, 0.02, 0.00, 0.48, 0.00, 0.32, 0.00, 0.89, 0.06, 0.00, 0.00, 1.00, 1.00, 0.00, 0.00, 0.00, 0.00, 0.00, 1.00, 0.00, 0.00, 0.00, 0.00, 0.00, 0.00, 0.00, 0.00
305,  0,  10.133,  0.98,  1, 0.00, 0.00, 0.34, 0.22, 0.00, 0.07, 0.00, 0.00, 0.00, 0.00, 0.00, 0.32, 0.00, 0.19, 0.00, 0.86, 0.14, 0.00, 0.00, 1.00, 1.00, 0.00, 0.00, 0.00, 0.00, 0.00, 1.00, 0.00, 0.00, 0.00, 0.00, 0.00, 0.00, 0.00, 0.00
306,  0,  10.167,  0.98,  1, 0.00, 0.00, 0.40, 0.32, 0.00, 0.07, 0.00, 0.04, 0.00, 0.00, 0.00, 0.15, 0.00, 0.09, 0.00, 0.93, 0.29, 0.00, 0.00, 1.00, 1.00, 0.00, 0.00, 0.00, 0.00, 0.00, 1.00, 0.00, 0.00, 0.00, 0.00, 0.00, 1.00, 0.00, 0.00
307,  0,  10.200,  0.98,  1, 0.00, 0.12, 0.40, 0.27, 0.00, 0.01, 0.00, 0.07, 0.00, 0.06, 0.01, 0.04, 0.00, 0.00, 0.04, 1.07, 0.23, 0.00, 0.00, 1.00, 1.00, 0.00, 0.00, 0.00, 0.00, 0.00, 0.00, 0.00, 0.00, 0.00, 0.00, 0.00, 1.00, 0.00, 0.00
308,  0,  10.233,  0.98,  1, 0.00, 0.20, 0.40, 0.13, 0.00, 0.00, 0.00, 0.07, 0.00, 0.18, 0.09, 0.00, 0.00, 0.00, 0.04, 1.15, 0.18, 0.00, 0.00, 1.00, 1.00, 0.00, 0.00, 0.00, 0.00, 0.00, 0.00, 0.00, 0.00, 0.00, 0.00, 0.00, 1.00, 0.00, 0.00
309,  0,  10.267,  0.98,  1, 0.00, 0.22, 0.38, 0.07, 0.00, 0.00, 0.00, 0.03, 0.00, 0.28, 0.17, 0.00, 0.00, 0.00, 0.09, 1.19, 0.08, 0.00, 0.00, 1.00, 1.00, 0.00, 0.00, 0.00, 0.00, 0.00, 0.00, 0.00, 0.00, 0.00, 0.00, 0.00, 1.00, 0.00, 0.00
310,  0,  10.300,  0.98,  1, 0.00, 0.14, 0.42, 0.09, 0.00, 0.00, 0.00, 0.00, 0.00, 0.27, 0.35, 0.00, 0.00, 0.00, 0.11, 1.17, 0.08, 0.00, 0.00, 1.00, 1.00, 0.00, 0.00, 0.00, 0.00, 0.00, 0.00, 0.00, 0.00, 0.00, 0.00, 0.00, 1.00, 0.00, 0.00
311,  0,  10.333,  0.98,  1, 0.00, 0.05, 0.47, 0.07, 0.00, 0.06, 0.00, 0.00, 0.00, 0.20, 0.47, 0.00, 0.00, 0.00, 0.17, 1.19, 0.05, 0.00, 0.00, 1.00, 1.00, 0.00, 0.00, 0.00, 0.00, 0.00, 0.00, 0.00, 0.00, 0.00, 0.00, 0.00, 1.00, 0.00, 0.00
312,  0,  10.367,  0.98,  1, 0.00, 0.04, 0.41, 0.02, 0.00, 0.06, 0.00, 0.00, 0.00, 0.11, 0.40, 0.00, 0.00, 0.00, 0.17, 1.08, 0.17, 0.00, 0.00, 1.00, 1.00, 0.00, 0.00, 0.00, 0.00, 0.00, 0.00, 0.00, 0.00, 0.00, 0.00, 0.00, 0.00, 0.00, 0.00
313,  0,  10.400,  0.98,  1, 0.00, 0.03, 0.35, 0.03, 0.00, 0.11, 0.00, 0.00, 0.00, 0.06, 0.25, 0.00, 0.00, 0.00, 0.11, 0.97, 0.31, 0.00, 0.00, 1.00, 1.00, 0.00, 0.00, 0.00, 0.00, 0.00, 0.00, 0.00, 0.00, 0.00, 0.00, 0.00, 0.00, 0.00, 0.00
314,  0,  10.433,  0.98,  1, 0.00, 0.03, 0.38, 0.03, 0.00, 0.16, 0.00, 0.00, 0.00, 0.10, 0.12, 0.00, 0.00, 0.00, 0.11, 0.86, 0.46, 0.00, 0.00, 1.00, 1.00, 0.00, 0.00, 0.00, 0.00, 0.00, 0.00, 0.00, 0.00, 0.00, 0.00, 0.00, 0.00, 0.00, 0.00
315,  0,  10.467,  0.98,  1, 0.00, 0.03, 0.39, 0.03, 0.00, 0.16, 0.00, 0.00, 0.00, 0.11, 0.10, 0.00, 0.00, 0.02, 0.12, 0.86, 0.29, 0.00, 0.00, 1.00, 1.00, 0.00, 0.00, 0.00, 0.00, 0.00, 0.00, 0.00, 0.00, 0.00, 0.00, 0.00, 0.00, 0.00, 0.00
316,  0,  10.500,  0.98,  1, 0.00, 0.17, 0.46, 0.00, 0.00, 0.14, 0.00, 0.00, 0.00, 0.17, 0.07, 0.00, 0.00, 0.02, 0.18, 0.84, 0.26, 0.00, 0.00, 0.00, 1.00, 0.00, 0.00, 0.00, 0.00, 0.00, 0.00, 0.00, 0.00, 0.00, 0.00, 0.00, 0.00, 0.00, 0.00
317,  0,  10.533,  0.98,  1, 0.00, 0.34, 0.45, 0.00, 0.00, 0.03, 0.00, 0.00, 0.00, 0.15, 0.00, 0.00, 0.00, 0.02, 0.20, 0.82, 0.15, 0.00, 0.00, 1.00, 1.00, 0.00, 0.00, 0.00, 0.00, 0.00, 1.00, 0.00, 0.00, 0.00, 0.00, 0.00, 0.00, 0.00, 0.00
318,  0,  10.567,  0.98,  1, 0.00, 0.44, 0.50, 0.00, 0.00, 0.03, 0.00, 0.00, 0.00, 0.37, 0.00, 0.00, 0.00, 0.00, 0.29, 0.67, 0.21, 0.00, 0.00, 1.00, 1.00, 0.00, 0.00, 0.00, 0.00, 0.00, 1.00, 0.00, 0.00, 0.00, 0.00, 0.00, 0.00, 0.00, 0.00
319,  0,  10.600,  0.98,  1, 0.00, 0.33, 0.46, 0.00, 0.00, 0.15, 0.00, 0.00, 0.00, 0.31, 0.04, 0.00, 0.00, 0.00, 0.33, 0.53, 0.11, 0.00, 0.00, 1.00, 1.00, 0.00, 1.00, 0.00, 0.00, 0.00, 1.00, 0.00, 0.00, 0.00, 0.00, 0.00, 0.00, 0.00, 0.00
320,  0,  10.633,  0.98,  1, 0.00, 0.22, 0.42, 0.00, 0.00, 0.28, 0.00, 0.00, 0.00, 0.33, 0.11, 0.00, 0.00, 0.00, 0.30, 0.28, 0.06, 0.00, 0.00, 1.00, 1.00, 0.00, 1.00, 0.00, 0.00, 0.00, 1.00, 0.00, 0.00, 0.00, 0.00, 0.00, 0.00, 0.00, 0.00
321,  0,  10.667,  0.98,  1, 0.00, 0.19, 0.42, 0.00, 0.00, 0.45, 0.00, 0.00, 0.00, 0.17, 0.24, 0.07, 0.00, 0.00, 0.25, 0.12, 0.00, 0.00, 0.00, 1.00, 1.00, 0.00, 1.00, 0.00, 0.00, 0.00, 1.00, 0.00, 0.00, 0.00, 0.00, 0.00, 0.00, 0.00, 0.00
322,  0,  10.700,  0.98,  1, 0.00, 0.30, 0.46, 0.00, 0.00, 0.33, 0.00, 0.00, 0.00, 0.23, 0.27, 0.12, 0.00, 0.00, 0.27, 0.00, 0.00, 0.00, 0.00, 1.00, 1.00, 0.00, 1.00, 0.00, 0.00, 0.00, 1.00, 0.00, 0.00, 0.00, 0.00, 0.00, 0.00, 0.00, 0.00
323,  0,  10.733,  0.98,  1, 0.00, 0.25, 0.53, 0.00, 0.00, 0.29, 0.00, 0.00, 0.00, 0.19, 0.26, 0.19, 0.00, 0.00, 0.31, 0.03, 0.00, 0.00, 0.00, 1.00, 1.00, 0.00, 1.00, 0.00, 0.00, 0.00, 1.00, 0.00, 0.00, 0.00, 0.00, 0.00, 0.00, 0.00, 0.00
324,  0,  10.767,  0.98,  1, 0.00, 0.27, 0.56, 0.00, 0.00, 0.34, 0.02, 0.00, 0.00, 0.13, 0.17, 0.17, 0.00, 0.00, 0.26, 0.16, 0.00, 0.00, 0.00, 1.00, 1.00, 0.00, 1.00, 0.00, 0.00, 0.00, 1.00, 0.00, 0.00, 0.00, 0.00, 0.00, 0.00, 0.00, 0.00
325,  0,  10.800,  0.98,  1, 0.00, 0.21, 0.62, 0.00, 0.00, 0.50, 0.02, 0.00, 0.00, 0.04, 0.11, 0.23, 0.00, 0.00, 0.15, 0.24, 0.00, 0.00, 0.00, 1.00, 1.00, 0.00, 1.00, 0.00, 1.00, 0.00, 1.00, 0.00, 0.00, 0.00, 0.00, 0.00, 0.00, 0.00, 0.00
326,  0,  10.833,  0.98,  1, 0.00, 0.35, 0.60, 0.02, 0.00, 0.61, 0.02, 0.00, 0.00, 0.00, 0.06, 0.18, 0.00, 0.00, 0.12, 0.34, 0.00, 0.00, 0.00, 1.00, 1.00, 0.00, 1.00, 0.00, 1.00, 0.00, 1.00, 0.00, 0.00, 0.00, 1.00, 0.00, 0.00, 0.00, 0.00
327,  0,  10.867,  0.98,  1, 0.00, 0.35, 0.61, 0.02, 0.00, 0.60, 0.01, 0.00, 0.00, 0.00, 0.12, 0.13, 0.00, 0.00, 0.17, 0.24, 0.00, 0.00, 0.00, 1.00, 1.00, 0.00, 1.00, 0.00, 1.00, 0.00, 1.00, 0.00, 0.00, 0.00, 1.00, 0.00, 0.00, 0.00, 0.00
328,  0,  10.900,  0.98,  1, 0.00, 0.36, 0.55, 0.04, 0.00, 0.56, 0.02, 0.01, 0.00, 0.00, 0.12, 0.05, 0.00, 0.00, 0.22, 0.19, 0.00, 0.00, 0.00, 1.00, 1.00, 0.00, 1.00, 0.00, 1.00, 0.00, 1.00, 0.00, 0.00, 0.00, 1.00, 0.00, 0.00, 0.00, 0.00
329,  0,  10.933,  0.98,  1, 0.00, 0.22, 0.53, 0.02, 0.00, 0.67, 0.10, 0.01, 0.00, 0.00, 0.12, 0.02, 0.00, 0.00, 0.26, 0.16, 0.00, 0.00, 0.00, 1.00, 1.00, 0.00, 1.00, 0.00, 1.00, 0.00, 1.00, 0.00, 0.00, 0.00, 1.00, 0.00, 0.00, 0.00, 0.00
330,  0,  10.967,  0.98,  1, 0.00, 0.16, 0.50, 0.02, 0.00, 0.71, 0.17, 0.06, 0.00, 0.00, 0.03, 0.04, 0.00, 0.00, 0.23, 0.17, 0.00, 0.00, 0.00, 1.00, 1.00, 0.00, 1.00, 0.00, 1.00, 0.00, 1.00, 0.00, 0.00, 0.00, 0.00, 0.00, 0.00, 0.00, 0.00
331,  0,  11.000,  0.98,  1, 0.00, 0.04, 0.54, 0.00, 0.00, 0.65, 0.17, 0.08, 0.03, 0.00, 0.00, 0.02, 0.00, 0.00, 0.26, 0.17, 0.00, 0.00, 0.00, 0.00, 1.00, 0.00, 1.00, 0.00, 1.00, 0.00, 1.00, 0.00, 0.00, 0.00, 0.00, 0.00, 0.00, 0.00, 0.00
332,  0,  11.033,  0.98,  1, 0.00, 0.03, 0.46, 0.04, 0.00, 0.49, 0.08, 0.16, 0.07, 0.03, 0.00, 0.02, 0.00, 0.01, 0.29, 0.07, 0.00, 0.00, 0.00, 0.00, 1.00, 0.00, 1.00, 0.00, 1.00, 0.00, 1.00, 0.00, 0.00, 0.00, 0.00, 0.00, 0.00, 0.00, 0.00
333,  0,  11.067,  0.98,  1, 0.00, 0.00, 0.45, 0.07, 0.00, 0.40, 0.01, 0.20, 0.10, 0.03, 0.00, 0.00, 0.00, 0.01, 0.33, 0.12, 0.00, 0.00, 0.00, 0.00, 1.00, 0.00, 1.00, 0.00, 1.00, 0.00, 1.00, 0.00, 0.00, 0.00, 0.00, 0.00, 0.00, 0.00, 0.00
334,  0,  11.100,  0.98,  1, 0.00, 0.00, 0.33, 0.07, 0.00, 0.35, 0.02, 0.22, 0.08, 0.03, 0.00, 0.00, 0.00, 0.01, 0.39, 0.14, 0.00, 0.00, 0.00, 0.00, 1.00, 0.00, 1.00, 0.00, 1.00, 0.00, 1.00, 0.00, 0.00, 0.00, 0.00, 0.00, 0.00, 0.00, 0.00
335,  0,  11.133,  0.98,  1, 0.00, 0.00, 0.33, 0.03, 0.00, 0.20, 0.05, 0.21, 0.04, 0.00, 0.00, 0.00, 0.00, 0.00, 0.44, 0.19, 0.00, 0.00, 0.00, 0.00, 1.00, 0.00, 1.00, 0.00, 1.00, 0.00, 1.00, 0.00, 0.00, 0.00, 0.00, 0.00, 0.00, 0.00, 0.00
336,  0,  11.167,  0.98,  1, 0.00, 0.00, 0.30, 0.00, 0.00, 0.04, 0.05, 0.13, 0.00, 0.07, 0.00, 0.01, 0.02, 0.00, 0.50, 0.19, 0.01, 0.00, 0.00, 0.00, 1.00, 0.00, 1.00, 0.00, 1.00, 0.00, 1.00, 0.00, 0.00, 0.00, 0.00, 0.00, 0.00, 0.00, 0.00
337,  0,  11.200,  0.98,  1, 0.00, 0.00, 0.24, 0.00, 0.00, 0.00, 0.03, 0.07, 0.00, 0.16, 0.00, 0.05, 0.02, 0.00, 0.50, 0.23, 0.01, 0.00, 0.00, 0.00, 1.00, 0.00, 1.00, 0.00, 1.00, 0.00, 1.00, 0.00, 0.00, 0.00, 0.00, 0.00, 0.00, 0.00, 0.00
338,  0,  11.233,  0.98,  1, 0.00, 0.00, 0.24, 0.00, 0.00, 0.00, 0.00, 0.00, 0.00, 0.27, 0.00, 0.12, 0.02, 0.00, 0.49, 0.25, 0.06, 0.00, 1.00, 0.00, 1.00, 0.00, 1.00, 0.00, 1.00, 0.00, 1.00, 0.00, 0.00, 0.00, 0.00, 0.00, 0.00, 0.00, 0.00
339,  0,  11.267,  0.98,  1, 0.00, 0.00, 0.25, 0.00, 0.00, 0.00, 0.00, 0.01, 0.00, 0.27, 0.00, 0.12, 0.01, 0.00, 0.46, 0.19, 0.13, 0.00, 1.00, 0.00, 1.00, 0.00, 1.00, 0.00, 1.00, 0.00, 1.00, 0.00, 0.00, 0.00, 0.00, 0.00, 0.00, 0.00, 0.00
340,  0,  11.300,  0.98,  1, 0.00, 0.00, 0.34, 0.00, 0.00, 0.00, 0.00, 0.01, 0.00, 0.33, 0.00, 0.08, 0.02, 0.00, 0.47, 0.14, 0.19, 0.00, 1.00, 0.00, 1.00, 0.00, 0.00, 0.00, 1.00, 0.00, 1.00, 0.00, 0.00, 0.00, 0.00, 0.00, 0.00, 0.00, 0.00
341,  0,  11.333,  0.98,  1, 0.00, 0.00, 0.33, 0.00, 0.00, 0.00, 0.00, 0.07, 0.00, 0.37, 0.00, 0.01, 0.07, 0.00, 0.46, 0.14, 0.24, 0.00, 1.00, 0.00, 1.00, 0.00, 0.00, 0.00, 1.00, 0.00, 1.00, 0.00, 0.00, 0.00, 0.00, 0.00, 0.00, 0.00, 0.00
342,  0,  11.367,  0.98,  1, 0.00, 0.00, 0.33, 0.00, 0.00, 0.00, 0.00, 0.05, 0.00, 0.35, 0.05, 0.00, 0.17, 0.00, 0.48, 0.21, 0.19, 0.00, 1.00, 0.00, 1.00, 0.00, 0.00, 0.00, 1.00, 0.00, 1.00, 0.00, 0.00, 0.00, 0.00, 0.00, 0.00, 0.00, 0.00
343,  0,  11.400,  0.98,  1, 0.00, 0.01, 0.29, 0.00, 0.00, 0.00, 0.00, 0.08, 0.00, 0.29, 0.05, 0.01, 0.21, 0.00, 0.48, 0.35, 0.28, 0.00, 1.00, 0.00, 1.00, 0.00, 0.00, 0.00, 1.00, 0.00, 1.00, 0.00, 0.00, 0.00, 0.00, 0.00, 0.00, 0.00, 0.00
344,  0,  11.433,  0.98,  1, 0.00, 0.01, 0.29, 0.00, 0.00, 0.00, 0.00, 0.17, 0.00, 0.25, 0.05, 0.01, 0.16, 0.00, 0.60, 0.40, 0.32, 0.00, 0.00, 0.00, 1.00, 0.00, 0.00, 0.00, 1.00, 0.00, 1.00, 0.00, 0.00, 0.00, 0.00, 0.00, 0.00, 0.00, 0.00
345,  0,  11.467,  0.98,  1, 0.00, 0.01, 0.20, 0.00, 0.00, 0.00, 0.00, 0.24, 0.00, 0.29, 0.00, 0.01, 0.06, 0.00, 0.63, 0.41, 0.43, 0.00, 0.00, 0.00, 1.00, 0.00, 0.00, 0.00, 1.00, 0.00, 1.00, 0.00, 0.00, 0.00, 0.00, 0.00, 0.00, 0.00, 0.00
346,  0,  11.500,  0.98,  1, 0.00, 0.00, 0.25, 0.00, 0.00, 0.00, 0.00, 0.30, 0.00, 0.28, 0.00, 0.00, 0.04, 0.00, 0.66, 0.38, 0.37, 0.00, 0.00, 0.00, 1.00, 0.00, 1.00, 0.00, 1.00, 0.00, 1.00, 0.00, 0.00, 0.00, 0.00, 0.00, 0.00, 0.00, 0.00
347,  0,  11.533,  0.98,  1, 0.00, 0.00, 0.27, 0.00, 0.00, 0.00, 0.00, 0.15, 0.00, 0.22, 0.00, 0.00, 0.08, 0.00, 0.62, 0.43, 0.37, 0.00, 0.00, 0.00, 1.00, 0.00, 1.00, 0.00, 1.00, 0.00, 1.00, 0.00, 0.00, 0.00, 0.00, 0.00, 0.00, 0.00, 0.00
348,  0,  11.567,  0.98,  1, 0.00, 0.05, 0.31, 0.09, 0.00, 0.00, 0.05, 0.08, 0.00, 0.16, 0.00, 0.00, 0.19, 0.00, 0.69, 0.47, 0.41, 0.00, 0.00, 0.00, 1.00, 0.00, 1.00, 0.00, 1.00, 0.00, 1.00, 0.00, 0.00, 0.00, 0.00, 0.00, 0.00, 0.00, 0.00
349,  0,  11.600,  0.98,  1, 0.01, 0.10, 0.27, 0.10, 0.00, 0.02, 0.13, 0.00, 0.00, 0.14, 0.00, 0.00, 0.27, 0.00, 0.75, 0.47, 0.46, 0.00, 0.00, 0.00, 1.00, 0.00, 1.00, 0.00, 0.00, 0.00, 1.00, 0.00, 0.00, 0.00, 0.00, 0.00, 0.00, 0.00, 0.00
350,  0,  11.633,  0.98,  1, 0.07, 0.18, 0.24, 0.12, 0.00, 0.02, 0.20, 0.00, 0.00, 0.19, 0.00, 0.00, 0.33, 0.00, 0.71, 0.39, 0.46, 0.00, 0.00, 0.00, 1.00, 0.00, 1.00, 0.00, 0.00, 0.00, 1.00, 0.00, 0.00, 0.00, 0.00, 0.00, 0.00, 0.00, 0.00
351,  0,  11.667,  0.98,  1, 0.12, 0.26, 0.26, 0.02, 0.00, 0.04, 0.25, 0.00, 0.00, 0.28, 0.00, 0.00, 0.28, 0.00, 0.56, 0.29, 0.32, 0.00, 0.00, 0.00, 1.00, 0.00, 1.00, 0.00, 0.00, 0.00, 1.00, 0.00, 0.00, 0.00, 0.00, 0.00, 0.00, 0.00, 0.00
352,  0,  11.700,  0.98,  1, 0.16, 0.31, 0.29, 0.06, 0.00, 0.02, 0.27, 0.00, 0.00, 0.29, 0.00, 0.00, 0.16, 0.00, 0.45, 0.17, 0.27, 0.00, 0.00, 0.00, 1.00, 0.00, 1.00, 0.00, 0.00, 0.00, 1.00, 0.00, 0.00, 0.00, 0.00, 0.00, 0.00, 0.00, 0.00
353,  0,  11.733,  0.98,  1, 0.17, 0.32, 0.38, 0.04, 0.00, 0.02, 0.26, 0.00, 0.00, 0.28, 0.00, 0.00, 0.06, 0.00, 0.41, 0.10, 0.19, 0.00, 0.00, 0.00, 1.00, 0.00, 1.00, 0.00, 0.00, 0.00, 1.00, 0.00, 0.00, 0.00, 0.00, 0.00, 0.00, 0.00, 0.00
354,  0,  11.767,  0.98,  1, 0.16, 0.31, 0.42, 0.06, 0.00, 0.00, 0.25, 0.00, 0.00, 0.26, 0.00, 0.00, 0.00, 0.00, 0.45, 0.07, 0.22, 0.00, 0.00, 0.00, 1.00, 0.00, 1.00, 0.00, 0.00, 0.00, 1.00, 0.00, 0.00, 0.00, 0.00, 0.00, 0.00, 0.00, 0.00
355,  0,  11.800,  0.98,  1, 0.20, 0.36, 0.39, 0.02, 0.00, 0.00, 0.21, 0.00, 0.00, 0.20, 0.00, 0.00, 0.00, 0.00, 0.41, 0.09, 0.13, 0.00, 0.00, 0.00, 1.00, 0.00, 1.00, 0.00, 0.00, 0.00, 1.00, 0.00, 0.00, 0.00, 0.00, 0.00, 0.00, 0.00, 0.00
356,  0,  11.833,  0.98,  1, 0.19, 0.30, 0.36, 0.02, 0.00, 0.00, 0.17, 0.00, 0.00, 0.14, 0.04, 0.00, 0.00, 0.00, 0.39, 0.08, 0.07, 0.00, 0.00, 0.00, 1.00, 0.00, 1.00, 0.00, 0.00, 0.00, 1.00, 0.00, 0.00, 0.00, 0.00, 0.00, 0.00, 0.00, 0.00
357,  0,  11.867,  0.98,  1, 0.22, 0.24, 0.36, 0.00, 0.00, 0.00, 0.13, 0.00, 0.00, 0.08, 0.09, 0.00, 0.00, 0.00, 0.38, 0.11, 0.00, 0.00, 0.00, 0.00, 1.00, 0.00, 1.00, 0.00, 0.00, 0.00, 1.00, 0.00, 0.00, 0.00, 0.00, 0.00, 0.00, 0.00, 0.00
358,  0,  11.900,  0.98,  1, 0.26, 0.21, 0.38, 0.00, 0.00, 0.00, 0.13, 0.00, 0.00, 0.14, 0.09, 0.00, 0.04, 0.00, 0.36, 0.09, 0.00, 0.00, 0.00, 0.00, 1.00, 0.00, 1.00, 0.00, 0.00, 0.00, 1.00, 0.00, 0.00, 0.00, 0.00, 0.00, 0.00, 0.00, 0.00
359,  0,  11.933,  0.98,  1, 0.33, 0.34, 0.38, 0.00, 0.00, 0.00, 0.23, 0.00, 0.00, 0.18, 0.04, 0.00, 0.08, 0.00, 0.37, 0.15, 0.00, 0.00, 0.00, 0.00, 1.00, 0.00, 1.00, 0.00, 0.00, 0.00, 1.00, 0.00, 0.00, 0.00, 0.00, 0.00, 0.00, 0.00, 0.00
360,  0,  11.967,  0.98,  1, 0.28, 0.41, 0.32, 0.08, 0.00, 0.00, 0.20, 0.00, 0.00, 0.19, 0.03, 0.00, 0.08, 0.00, 0.27, 0.29, 0.01, 0.00, 0.00, 0.00, 1.00, 0.00, 1.00, 0.00, 0.00, 0.00, 1.00, 0.00, 0.00, 0.00, 0.00, 0.00, 0.00, 0.00, 0.00
361,  0,  12.000,  0.98,  1, 0.17, 0.37, 0.27, 0.08, 0.00, 0.00, 0.17, 0.00, 0.00, 0.13, 0.13, 0.00, 0.04, 0.00, 0.26, 0.35, 0.04, 0.00, 0.00, 0.00, 1.00, 0.00, 1.00, 0.00, 0.00, 0.00, 1.00, 0.00, 0.00, 0.00, 0.00, 0.00, 0.00, 0.00, 0.00
362,  0,  12.033,  0.98,  1, 0.08, 0.23, 0.20, 0.12, 0.00, 0.00, 0.10, 0.00, 0.00, 0.05, 0.18, 0.01, 0.00, 0.00, 0.14, 0.36, 0.07, 0.00, 0.00, 0.00, 1.00, 0.00, 1.00, 0.00, 0.00, 0.00, 0.00, 0.00, 0.00, 0.00, 0.00, 0.00, 0.00, 0.00, 0.00
363,  0,  12.067,  0.98,  1, 0.05, 0.14, 0.12, 0.04, 0.00, 0.00, 0.11, 0.00, 0.00, 0.00, 0.25, 0.01, 0.00, 0.00, 0.17, 0.30, 0.17, 0.00, 0.00, 0.00, 1.00, 0.00, 1.00, 0.00, 0.00, 0.00, 0.00, 0.00, 0.00, 0.00, 0.00, 0.00, 0.00, 0.00, 0.00
364,  0,  12.100,  0.98,  1, 0.04, 0.12, 0.09, 0.07, 0.00, 0.00, 0.09, 0.00, 0.00, 0.00, 0.20, 0.01, 0.00, 0.00, 0.20, 0.35, 0.23, 0.00, 0.00, 0.00, 1.00, 0.00, 1.00, 0.00, 0.00, 0.00, 0.00, 0.00, 0.00, 0.00, 0.00, 0.00, 0.00, 0.00, 0.00
365,  0,  12.133,  0.98,  1, 0.01, 0.17, 0.12, 0.11, 0.00, 0.00, 0.03, 0.00, 0.00, 0.00, 0.19, 0.00, 0.00, 0.00, 0.31, 0.37, 0.32, 0.00, 0.00, 0.00, 1.00, 0.00, 1.00, 0.00, 0.00, 0.00, 0.00, 0.00, 0.00, 0.00, 0.00, 0.00, 0.00, 0.00, 0.00
366,  0,  12.167,  0.98,  1, 0.01, 0.13, 0.14, 0.11, 0.00, 0.00, 0.02, 0.00, 0.00, 0.00, 0.12, 0.00, 0.00, 0.00, 0.43, 0.32, 0.21, 0.00, 0.00, 0.00, 1.00, 0.00, 0.00, 0.00, 0.00, 0.00, 0.00, 0.00, 0.00, 0.00, 0.00, 0.00, 0.00, 0.00, 0.00
367,  0,  12.200,  0.98,  1, 0.00, 0.06, 0.11, 0.08, 0.00, 0.00, 0.00, 0.00, 0.00, 0.00, 0.15, 0.00, 0.00, 0.00, 0.64, 0.29, 0.15, 0.00, 0.00, 0.00, 1.00, 0.00, 0.00, 0.00, 0.00, 0.00, 0.00, 0.00, 0.00, 0.00, 0.00, 1.00, 0.00, 0.00, 0.00
368,  0,  12.233,  0.98,  1, 0.03, 0.00, 0.06, 0.08, 0.00, 0.00, 0.00, 0.00, 0.00, 0.00, 0.14, 0.00, 0.00, 0.00, 0.76, 0.26, 0.03, 0.00, 0.00, 0.00, 1.00, 0.00, 0.00, 0.00, 0.00, 0.00, 0.00, 0.00, 0.00, 0.00, 0.00, 1.00, 0.00, 0.00, 0.00
369,  0,  12.267,  0.98,  1, 0.07, 0.00, 0.04, 0.08, 0.00, 0.00, 0.00, 0.00, 0.00, 0.04, 0.12, 0.00, 0.00, 0.00, 0.90, 0.25, 0.03, 0.00, 0.00, 0.00, 1.00, 0.00, 0.00, 0.00, 0.00, 0.00, 0.00, 0.00, 0.00, 0.00, 0.00, 1.00, 0.00, 0.00, 0.00
370,  0,  12.300,  0.98,  1, 0.07, 0.00, 0.04, 0.08, 0.00, 0.00, 0.00, 0.00, 0.00, 0.04, 0.12, 0.02, 0.00, 0.00, 0.80, 0.23, 0.00, 0.00, 0.00, 0.00, 1.00, 0.00, 0.00, 0.00, 0.00, 0.00, 0.00, 0.00, 0.00, 0.00, 0.00, 1.00, 0.00, 0.00, 0.00
371,  0,  12.333,  0.98,  1, 0.04, 0.00, 0.08, 0.00, 0.00, 0.00, 0.00, 0.00, 0.00, 0.07, 0.12, 0.07, 0.00, 0.00, 0.87, 0.17, 0.00, 0.00, 0.00, 0.00, 1.00, 0.00, 0.00, 0.00, 0.00, 0.00, 0.00, 0.00, 0.00, 0.00, 0.00, 1.00, 0.00, 0.00, 0.00
372,  0,  12.367,  0.98,  1, 0.05, 0.00, 0.13, 0.01, 0.00, 0.00, 0.00, 0.00, 0.00, 0.03, 0.11, 0.21, 0.00, 0.00, 0.79, 0.21, 0.00, 0.00, 0.00, 0.00, 1.00, 0.00, 0.00, 0.00, 0.00, 0.00, 0.00, 0.00, 0.00, 0.00, 0.00, 1.00, 0.00, 0.00, 0.00
373,  0,  12.400,  0.98,  1, 0.13, 0.00, 0.27, 0.01, 0.00, 0.00, 0.00, 0.00, 0.00, 0.03, 0.02, 0.33, 0.00, 0.00, 0.87, 0.29, 0.00, 0.00, 0.00, 0.00, 1.00, 0.00, 0.00, 0.00, 0.00, 0.00, 0.00, 0.00, 0.00, 0.00, 0.00, 1.00, 0.00, 0.00, 0.00
374,  0,  12.433,  0.98,  1, 0.13, 0.00, 0.28, 0.01, 0.00, 0.00, 0.00, 0.00, 0.00, 0.00, 0.00, 0.27, 0.00, 0.00, 0.84, 0.33, 0.00, 0.00, 0.00, 0.00, 1.00, 0.00, 0.00, 0.00, 0.00, 0.00, 0.00, 0.00, 0.00, 0.00, 0.00, 1.00, 0.00, 0.00, 0.00
375,  0,  12.467,  0.98,  1, 0.16, 0.00, 0.31, 0.04, 0.00, 0.00, 0.00, 0.00, 0.00, 0.00, 0.00, 0.19, 0.00, 0.00, 0.88, 0.35, 0.00, 0.00, 0.00, 0.00, 1.00, 0.00, 0.00, 0.00, 0.00, 0.00, 0.00, 0.00, 0.00, 0.00, 0.00, 1.00, 0.00, 0.00, 0.00
376,  0,  12.500,  0.98,  1, 0.15, 0.00, 0.27, 0.10, 0.00, 0.00, 0.00, 0.00, 0.00, 0.00, 0.00, 0.10, 0.00, 0.00, 0.80, 0.20, 0.00, 0.00, 0.00, 0.00, 1.00, 0.00, 0.00, 0.00, 0.00, 0.00, 0.00, 0.00, 0.00, 0.00, 0.00, 1.00, 0.00, 0.00, 0.00
377,  0,  12.533,  0.98,  1, 0.17, 0.00, 0.34, 0.10, 0.00, 0.00, 0.00, 0.05, 0.00, 0.00, 0.00, 0.18, 0.03, 0.00, 0.63, 0.16, 0.00, 0.00, 0.00, 0.00, 1.00, 0.00, 0.00, 0.00, 0.00, 0.00, 0.00, 0.00, 0.00, 0.00, 0.00, 0.00, 0.00, 0.00, 0.00
378,  0,  12.567,  0.98,  1, 0.09, 0.00, 0.36, 0.07, 0.00, 0.00, 0.00, 0.05, 0.06, 0.00, 0.00, 0.17, 0.03, 0.00, 0.50, 0.10, 0.00, 0.00, 0.00, 0.00, 1.00, 0.00, 0.00, 0.00, 0.00, 0.00, 0.00, 0.00, 0.00, 0.00, 0.00, 0.00, 0.00, 0.00, 0.00
379,  0,  12.600,  0.98,  1, 0.02, 0.00, 0.32, 0.02, 0.00, 0.00, 0.00, 0.05, 0.06, 0.00, 0.07, 0.26, 0.03, 0.00, 0.32, 0.09, 0.01, 0.00, 0.00, 0.00, 1.00, 0.00, 0.00, 0.00, 0.00, 0.00, 0.00, 0.00, 0.00, 0.00, 0.00, 0.00, 0.00, 0.00, 0.00
380,  0,  12.633,  0.98,  1, 0.03, 0.00, 0.23, 0.01, 0.00, 0.00, 0.00, 0.00, 0.07, 0.00, 0.08, 0.29, 0.00, 0.00, 0.36, 0.08, 0.01, 0.00, 0.00, 0.00, 1.00, 0.00, 0.00, 0.00, 0.00, 0.00, 0.00, 0.00, 0.00, 0.00, 0.00, 0.00, 0.00, 0.00, 0.00
381,  0,  12.667,  0.98,  1, 0.04, 0.00, 0.17, 0.00, 0.00, 0.00, 0.00, 0.00, 0.05, 0.00, 0.10, 0.32, 0.00, 0.00, 0.32, 0.00, 0.01, 0.00, 0.00, 0.00, 1.00, 0.00, 0.00, 0.00, 0.00, 0.00, 0.00, 0.00, 0.00, 0.00, 0.00, 0.00, 0.00, 0.00, 0.00
382,  0,  12.700,  0.98,  1, 0.15, 0.00, 0.23, 0.00, 0.00, 0.00, 0.00, 0.00, 0.09, 0.00, 0.06, 0.25, 0.00, 0.00, 0.36, 0.00, 0.00, 0.00, 0.00, 0.00, 1.00, 0.00, 0.00, 0.00, 0.00, 0.00, 0.00, 0.00, 0.00, 0.00, 0.00, 0.00, 0.00, 0.00, 0.00
383,  0,  12.733,  0.98,  1, 0.21, 0.00, 0.24, 0.00, 0.00, 0.00, 0.00, 0.00, 0.07, 0.00, 0.07, 0.24, 0.00, 0.00, 0.26, 0.00, 0.00, 0.00, 0.00, 0.00, 1.00, 0.00, 0.00, 0.00, 0.00, 0.00, 0.00, 0.00, 0.00, 0.00, 0.00, 0.00, 0.00, 0.00, 0.00
384,  0,  12.767,  0.98,  1, 0.33, 0.00, 0.27, 0.00, 0.00, 0.00, 0.00, 0.00, 0.04, 0.00, 0.05, 0.25, 0.00, 0.00, 0.12, 0.00, 0.00, 0.00, 0.00, 0.00, 1.00, 0.00, 0.00, 0.00, 0.00, 0.00, 0.00, 0.00, 0.00, 0.00, 0.00, 0.00, 0.00, 0.00, 0.00
385,  0,  12.800,  0.98,  1, 0.38, 0.00, 0.25, 0.00, 0.00, 0.00, 0.00, 0.00, 0.00, 0.00, 0.09, 0.30, 0.00, 0.00, 0.04, 0.00, 0.00, 0.00, 0.00, 0.00, 1.00, 0.00, 0.00, 0.00, 0.00, 0.00, 0.00, 0.00, 0.00, 0.00, 0.00, 0.00, 0.00, 0.00, 0.00
386,  0,  12.833,  0.98,  1, 0.46, 0.00, 0.30, 0.00, 0.00, 0.00, 0.00, 0.00, 0.00, 0.00, 0.07, 0.33, 0.00, 0.00, 0.00, 0.00, 0.00, 0.00, 0.00, 0.00, 1.00, 0.00, 0.00, 0.00, 0.00, 0.00, 0.00, 0.00, 0.00, 0.00, 0.00, 0.00, 0.00, 0.00, 0.00
387,  0,  12.867,  0.98,  1, 0.51, 0.00, 0.40, 0.00, 0.00, 0.00, 0.00, 0.00, 0.00, 0.01, 0.10, 0.37, 0.00, 0.00, 0.01, 0.00, 0.00, 0.00, 0.00, 0.00, 1.00, 0.00, 0.00, 0.00, 0.00, 0.00, 0.00, 0.00, 0.00, 0.00, 0.00, 0.00, 0.00, 0.00, 0.00
388,  0,  12.900,  0.98,  1, 0.47, 0.00, 0.43, 0.00, 0.00, 0.00, 0.00, 0.00, 0.00, 0.01, 0.03, 0.41, 0.00, 0.00, 0.01, 0.00, 0.00, 0.00, 0.00, 0.00, 1.00, 0.00, 0.00, 0.00, 0.00, 0.00, 0.00, 0.00, 0.00, 0.00, 0.00, 0.00, 0.00, 0.00, 0.00
389,  0,  12.933,  0.98,  1, 0.42, 0.00, 0.37, 0.00, 0.00, 0.00, 0.00, 0.00, 0.00, 0.01, 0.03, 0.36, 0.00, 0.00, 0.01, 0.00, 0.00, 0.00, 0.00, 0.00, 1.00, 0.00, 0.00, 0.00, 0.00, 0.00, 0.00, 0.00, 1.00, 0.00, 0.00, 0.00, 0.00, 0.00, 0.00
390,  0,  12.967,  0.98,  1, 0.35, 0.00, 0.31, 0.00, 0.00, 0.00, 0.00, 0.00, 0.00, 0.00, 0.00, 0.41, 0.00, 0.00, 0.01, 0.00, 0.00, 0.00, 0.00, 0.00, 1.00, 0.00, 0.00, 0.00, 0.00, 0.00, 0.00, 0.00, 1.00, 0.00, 0.00, 0.00, 0.00, 0.00, 0.00
391,  0,  13.000,  0.98,  1, 0.26, 0.00, 0.18, 0.00, 0.00, 0.00, 0.00, 0.00, 0.00, 0.00, 0.12, 0.47, 0.00, 0.03, 0.02, 0.00, 0.00, 0.00, 0.00, 0.00, 1.00, 0.00, 0.00, 0.00, 0.00, 0.00, 0.00, 0.00, 1.00, 0.00, 0.00, 0.00, 0.00, 0.00, 0.00
392,  0,  13.033,  0.98,  1, 0.15, 0.00, 0.15, 0.00, 0.00, 0.00, 0.00, 0.00, 0.00, 0.00, 0.19, 0.63, 0.00, 0.04, 0.01, 0.00, 0.00, 0.00, 0.00, 0.00, 1.00, 0.00, 0.00, 0.00, 0.00, 0.00, 0.00, 0.00, 1.00, 0.00, 0.00, 0.00, 0.00, 0.00, 0.00
393,  0,  13.067,  0.98,  1, 0.04, 0.00, 0.09, 0.00, 0.00, 0.00, 0.00, 0.00, 0.01, 0.00, 0.29, 0.70, 0.00, 0.04, 0.00, 0.00, 0.03, 0.00, 0.00, 0.00, 1.00, 0.00, 0.00, 0.00, 0.00, 0.00, 0.00, 0.00, 1.00, 0.00, 0.00, 0.00, 0.00, 0.00, 0.00
394,  0,  13.100,  0.98,  1, 0.07, 0.00, 0.21, 0.00, 0.00, 0.00, 0.00, 0.05, 0.08, 0.06, 0.31, 0.65, 0.00, 0.01, 0.06, 0.00, 0.05, 0.00, 0.00, 0.00, 1.00, 0.00, 0.00, 0.00, 0.00, 0.00, 0.00, 0.00, 1.00, 0.00, 0.00, 0.00, 0.00, 0.00, 0.00
395,  0,  13.133,  0.98,  1, 0.21, 0.00, 0.36, 0.00, 0.00, 0.00, 0.00, 0.15, 0.15, 0.18, 0.30, 0.54, 0.00, 0.00, 0.29, 0.00, 0.14, 0.00, 0.00, 0.00, 1.00, 0.00, 0.00, 0.00, 0.00, 0.00, 0.00, 0.00, 1.00, 0.00, 0.00, 0.00, 0.00, 0.00, 0.00
396,  0,  13.167,  0.98,  1, 0.35, 0.00, 0.45, 0.00, 0.00, 0.00, 0.00, 0.17, 0.14, 0.18, 0.22, 0.46, 0.00, 0.00, 0.57, 0.00, 0.10, 0.00, 0.00, 0.00, 1.00, 0.00, 0.00, 0.00, 0.00, 0.00, 0.00, 0.00, 0.00, 0.00, 0.00, 1.00, 0.00, 0.00, 0.00
397,  0,  13.200,  0.98,  1, 0.39, 0.00, 0.49, 0.00, 0.00, 0.00, 0.00, 0.22, 0.10, 0.14, 0.21, 0.45, 0.00, 0.00, 0.88, 0.00, 0.08, 0.00, 0.00, 0.00, 1.00, 0.00, 0.00, 0.00, 1.00, 0.00, 0.00, 0.00, 0.00, 0.00, 0.00, 1.00, 0.00, 0.00, 0.00
398,  0,  13.233,  0.98,  1, 0.37, 0.00, 0.47, 0.00, 0.00, 0.00, 0.00, 0.19, 0.04, 0.10, 0.25, 0.43, 0.02, 0.00, 1.12, 0.00, 0.00, 0.00, 0.00, 0.00, 1.00, 0.00, 0.00, 0.00, 1.00, 0.00, 0.00, 0.00, 0.00, 0.00, 0.00, 1.00, 0.00, 0.00, 0.00
399,  0,  13.267,  0.98,  1, 0.27, 0.00, 0.45, 0.00, 0.00, 0.00, 0.00, 0.23, 0.05, 0.16, 0.30, 0.29, 0.02, 0.00, 1.34, 0.00, 0.00, 0.00, 0.00, 0.00, 1.00, 0.00, 0.00, 0.00, 1.00, 0.00, 0.00, 0.00, 0.00, 0.00, 0.00, 1.00, 0.00, 0.00, 0.00
400,  0,  13.300,  0.98,  1, 0.25, 0.00, 0.41, 0.00, 0.00, 0.00, 0.00, 0.25, 0.05, 0.17, 0.22, 0.17, 0.02, 0.00, 1.41, 0.00, 0.00, 0.00, 0.00, 0.00, 1.00, 0.00, 0.00, 0.00, 1.00, 0.00, 0.00, 0.00, 0.00, 0.00, 0.00, 1.00, 0.00, 0.00, 0.00
401,  0,  13.333,  0.98,  1, 0.26, 0.04, 0.39, 0.00, 0.00, 0.05, 0.00, 0.35, 0.04, 0.13, 0.23, 0.08, 0.01, 0.00, 1.46, 0.00, 0.00, 0.00, 0.00, 0.00, 1.00, 0.00, 0.00, 0.00, 1.00, 0.00, 0.00, 0.00, 0.00, 0.00, 0.00, 1.00, 1.00, 0.00, 0.00
402,  0,  13.367,  0.98,  1, 0.28, 0.04, 0.42, 0.00, 0.00, 0.07, 0.00, 0.42, 0.03, 0.06, 0.25, 0.09, 0.04, 0.00, 1.40, 0.03, 0.00, 0.00, 0.00, 0.00, 1.00, 0.00, 0.00, 0.00, 1.00, 0.00, 0.00, 0.00, 0.00, 0.00, 0.00, 1.00, 1.00, 0.00, 0.00
403,  0,  13.400,  0.98,  1, 0.22, 0.04, 0.42, 0.00, 0.00, 0.07, 0.00, 0.43, 0.04, 0.04, 0.23, 0.08, 0.04, 0.00, 1.35, 0.19, 0.00, 0.00, 0.00, 0.00, 1.00, 0.00, 0.00, 0.00, 1.00, 0.00, 0.00, 0.00, 0.00, 0.00, 0.00, 1.00, 1.00, 0.00, 0.00
404,  0,  13.433,  0.98,  1, 0.11, 0.00, 0.32, 0.00, 0.00, 0.02, 0.00, 0.36, 0.05, 0.00, 0.16, 0.08, 0.04, 0.00, 1.22, 0.39, 0.05, 0.00, 0.00, 0.00, 1.00, 0.00, 0.00, 0.00, 1.00, 0.00, 0.00, 0.00, 0.00, 0.00, 0.00, 1.00, 1.00, 0.00, 0.00
405,  0,  13.467,  0.98,  1, 0.10, 0.00, 0.17, 0.01, 0.00, 0.00, 0.00, 0.22, 0.05, 0.00, 0.07, 0.04, 0.01, 0.00, 1.16, 0.57, 0.20, 0.00, 0.00, 0.00, 1.00, 0.00, 0.00, 0.00, 1.00, 0.00, 0.00, 0.00, 0.00, 0.00, 0.00, 1.00, 1.00, 0.00, 0.00
406,  0,  13.500,  0.98,  1, 0.14, 0.00, 0.06, 0.01, 0.00, 0.00, 0.00, 0.17, 0.01, 0.02, 0.02, 0.00, 0.00, 0.00, 1.09, 0.63, 0.25, 0.00, 0.00, 0.00, 1.00, 0.00, 0.00, 0.00, 1.00, 0.00, 0.00, 0.00, 0.00, 0.00, 0.00, 1.00, 0.00, 0.00, 0.00
407,  0,  13.533,  0.98,  1, 0.11, 0.00, 0.02, 0.01, 0.00, 0.00, 0.04, 0.18, 0.00, 0.02, 0.09, 0.00, 0.00, 0.00, 1.12, 0.62, 0.31, 0.00, 0.00, 0.00, 1.00, 0.00, 0.00, 0.00, 1.00, 0.00, 0.00, 0.00, 0.00, 0.00, 0.00, 1.00, 0.00, 0.00, 0.00
408,  0,  13.567,  0.98,  1, 0.06, 0.00, 0.15, 0.00, 0.00, 0.00, 0.15, 0.25, 0.00, 0.02, 0.09, 0.01, 0.00, 0.00, 1.05, 0.69, 0.27, 0.00, 0.00, 0.00, 1.00, 0.00, 0.00, 0.00, 1.00, 0.00, 0.00, 0.00, 0.00, 0.00, 0.00, 1.00, 0.00, 0.00, 0.00
409,  0,  13.600,  0.98,  1, 0.01, 0.00, 0.19, 0.00, 0.00, 0.00, 0.24, 0.27, 0.00, 0.00, 0.09, 0.01, 0.00, 0.00, 1.13, 0.66, 0.45, 0.00, 0.00, 0.00, 1.00, 0.00, 0.00, 0.00, 1.00, 0.00, 0.00, 0.00, 0.00, 0.00, 0.00, 0.00, 0.00, 0.00, 0.00
410,  0,  13.633,  0.98,  1, 0.00, 0.00, 0.24, 0.00, 0.00, 0.00, 0.26, 0.27, 0.00, 0.07, 0.00, 0.01, 0.00, 0.00, 1.09, 0.63, 0.51, 0.00, 0.00, 0.00, 1.00, 0.00, 0.00, 0.00, 1.00, 0.00, 1.00, 0.00, 0.00, 0.00, 0.00, 0.00, 0.00, 0.00, 0.00
411,  0,  13.667,  0.98,  1, 0.00, 0.00, 0.25, 0.00, 0.00, 0.00, 0.25, 0.33, 0.00, 0.08, 0.00, 0.03, 0.00, 0.00, 1.11, 0.44, 0.62, 0.00, 0.00, 0.00, 1.00, 0.00, 0.00, 0.00, 1.00, 0.00, 1.00, 0.00, 0.00, 0.00, 0.00, 0.00, 0.00, 0.00, 0.00
412,  0,  13.700,  0.98,  1, 0.00, 0.07, 0.39, 0.00, 0.00, 0.00, 0.25, 0.32, 0.00, 0.14, 0.06, 0.08, 0.00, 0.00, 1.03, 0.30, 0.49, 0.00, 0.00, 0.00, 1.00, 0.00, 0.00, 0.00, 1.00, 0.00, 1.00, 0.00, 0.00, 0.00, 1.00, 0.00, 0.00, 0.00, 0.00
413,  0,  13.733,  0.98,  1, 0.04, 0.07, 0.54, 0.06, 0.00, 0.00, 0.20, 0.29, 0.00, 0.11, 0.18, 0.24, 0.00, 0.01, 0.82, 0.15, 0.32, 0.00, 0.00, 0.00, 1.00, 0.00, 0.00, 0.00, 1.00, 0.00, 1.00, 0.00, 0.00, 0.00, 0.00, 0.00, 0.00, 0.00, 0.00
414,  0,  13.767,  0.98,  1, 0.13, 0.00, 0.63, 0.18, 0.00, 0.00, 0.03, 0.17, 0.00, 0.13, 0.36, 0.46, 0.00, 0.03, 0.48, 0.00, 0.00, 0.00, 0.00, 0.00, 1.00, 0.00, 0.00, 0.00, 1.00, 0.00, 1.00, 0.00, 0.00, 0.00, 0.00, 0.00, 0.00, 0.00, 0.00
